State,State ANSI,Ag District,Ag District Code,County,County ANSI,State_County,Zip Code,Acres_2017,Acres_1976
NORTH DAKOTA,38,CENTRAL,50,STUTSMAN,93,38093,385093,470000,
NORTH DAKOTA,38,EAST CENTRAL,60,CASS,17,38017,386017,503000,66200
NORTH DAKOTA,38,EAST CENTRAL,60,BARNES,3,38003,38603,391500,
SOUTH DAKOTA,46,NORTH CENTRAL,20,BROWN,13,46013,462013,375000,
MISSOURI,29,NORTH CENTRAL,20,OTHER (COMBINED) COUNTIES,,29000,2920,353300,
SOUTH DAKOTA,46,NORTH CENTRAL,20,SPINK,115,46115,4620115,344000,
MINNESOTA,27,NORTHWEST,10,POLK,119,27119,2710119,326000,2200
NORTH DAKOTA,38,SOUTHEAST,90,LA MOURE,45,38045,389045,315000,
MINNESOTA,27,NORTHWEST,10,MARSHALL,89,27089,271089,314000,
ILLINOIS,17,CENTRAL,40,MCLEAN,113,17113,1740113,311500,237900
ARKANSAS,5,NORTHEAST,30,MISSISSIPPI,93,5093,53093,291500,321000
MISSISSIPPI,28,UPPER DELTA,10,BOLIVAR,11,28011,281011,291000,190000
ILLINOIS,17,EAST,50,IROQUOIS,75,17075,175075,290000,244200
ILLINOIS,17,EAST,50,LIVINGSTON,105,17105,1750105,287000,244200
NORTH DAKOTA,38,NORTH CENTRAL,20,BOTTINEAU,9,38009,38209,282500,
MISSISSIPPI,28,LOWER DELTA,40,WASHINGTON,151,28151,2840151,266500,180000
ILLINOIS,17,EAST,50,CHAMPAIGN,19,17019,175019,258000,231100
ILLINOIS,17,NORTHEAST,20,LA SALLE,99,17099,172099,252500,207700
NORTH DAKOTA,38,NORTHEAST,30,GRAND FORKS,35,38035,383035,248000,
MISSOURI,29,NORTHWEST,10,OTHER (COMBINED) COUNTIES,,29000,2910,247700,
ARKANSAS,5,EAST CENTRAL,60,PHILLIPS,107,5107,560107,235100,233000
NORTH DAKOTA,38,CENTRAL,50,WELLS,103,38103,3850103,235000,
MISSISSIPPI,28,LOWER DELTA,40,SUNFLOWER,133,28133,2840133,234500,130000
NORTH DAKOTA,38,SOUTHEAST,90,RICHLAND,77,38077,389077,325000,72900
ARKANSAS,5,EAST CENTRAL,60,CRITTENDEN,35,5035,56035,231300,229000
MINNESOTA,27,CENTRAL,50,RENVILLE,129,27129,2750129,230000,133000
SOUTH DAKOTA,46,CENTRAL,50,BEADLE,5,46005,46505,229500,
NORTH DAKOTA,38,EAST CENTRAL,60,TRAILL,97,38097,386097,225500,6700
SOUTH DAKOTA,46,CENTRAL,50,HAND,59,46059,465059,219000,
IOWA,19,NORTH CENTRAL,20,KOSSUTH,109,19109,1920109,218500,217300
SOUTH DAKOTA,46,NORTH CENTRAL,20,EDMUNDS,45,46045,462045,218000,
NORTH DAKOTA,38,NORTHWEST,10,WARD,101,38101,3810101,215500,
ILLINOIS,17,EAST,50,VERMILION,183,17183,1750183,215000,172800
NORTH DAKOTA,38,NORTHEAST,30,PEMBINA,67,38067,383067,211000,
MINNESOTA,27,SOUTHWEST,70,REDWOOD,127,27127,2770127,210500,170000
MINNESOTA,27,NORTHWEST,10,NORMAN,107,27107,2710107,207500,2900
NORTH DAKOTA,38,SOUTHEAST,90,DICKEY,21,38021,389021,206000,
ARKANSAS,5,NORTHEAST,30,POINSETT,111,5111,530111,202700,218000
MINNESOTA,27,NORTHWEST,10,ROSEAU,135,27135,2710135,202000,
NORTH DAKOTA,38,NORTH CENTRAL,20,BENSON,5,38005,38205,200000,
IOWA,19,NORTHWEST,10,PLYMOUTH,149,19149,1910149,196500,78400
IOWA,19,SOUTHWEST,70,POTTAWATTAMIE,155,19155,1970155,196000,115600
MINNESOTA,27,NORTHWEST,10,CLAY,27,27027,271027,189500,19500
NORTH DAKOTA,38,SOUTHEAST,90,SARGENT,81,38081,389081,190500,1000
NORTH DAKOTA,38,NORTHEAST,30,CAVALIER,19,38019,383019,188000,
ARKANSAS,5,EAST CENTRAL,60,ARKANSAS,1,5001,5601,187300,233000
NORTH DAKOTA,38,WEST CENTRAL,40,OTHER (COMBINED) COUNTIES,,38000,3840,185300,
NEBRASKA,31,SOUTHEAST,90,GAGE,67,31067,319067,184800,8700
ILLINOIS,17,WEST SOUTHWEST,60,CHRISTIAN,21,17021,176021,183000,147900
NORTH DAKOTA,38,NORTHEAST,30,RAMSEY,71,38071,383071,180000,
MINNESOTA,27,SOUTH CENTRAL,80,BLUE EARTH,13,27013,278013,178500,148000
MINNESOTA,27,WEST CENTRAL,40,LAC QUI PARLE,73,27073,274073,178500,66500
NORTH DAKOTA,38,EAST CENTRAL,60,STEELE,91,38091,386091,178500,
TENNESSEE,47,DELTA,10,OTHER (COMBINED) COUNTIES,,47000,4710,178000,
ILLINOIS,17,EAST SOUTHEAST,70,SHELBY,173,17173,1770173,177500,125000
ILLINOIS,17,NORTHWEST,10,HENRY,73,17073,171073,177000,71400
NEBRASKA,31,EAST,60,SAUNDERS,155,31155,3160155,177000,97500
ARKANSAS,5,SOUTHEAST,90,DESHA,41,5041,59041,176300,153000
MINNESOTA,27,SOUTHWEST,70,NOBLES,105,27105,2770105,176000,130000
MINNESOTA,27,WEST CENTRAL,40,WILKIN,167,27167,2740167,175500,22500
SOUTH DAKOTA,46,NORTHEAST,30,ROBERTS,109,46109,4630109,191000,8600
MINNESOTA,27,WEST CENTRAL,40,YELLOW MEDICINE,173,27173,2740173,173500,92000
IOWA,19,WEST CENTRAL,40,WOODBURY,193,19193,1940193,172500,59700
MINNESOTA,27,WEST CENTRAL,40,OTTER TAIL,111,27111,2740111,172000,11000
MINNESOTA,27,SOUTH CENTRAL,80,FARIBAULT,43,27043,278043,171500,166000
MINNESOTA,27,SOUTHWEST,70,JACKSON,63,27063,277063,171500,153000
ARKANSAS,5,EAST CENTRAL,60,CROSS,37,5037,56037,170900,195000
KANSAS,20,SOUTHEAST,90,OTHER (COMBINED) COUNTIES,,20000,2090,170900,
ARKANSAS,5,SOUTHEAST,90,CHICOT,17,5017,59017,169700,185000
ILLINOIS,17,WEST SOUTHWEST,60,SANGAMON,167,17167,1760167,168500,151900
ILLINOIS,17,EAST SOUTHEAST,70,EDGAR,45,17045,177045,167500,119400
MINNESOTA,27,SOUTH CENTRAL,80,MARTIN,91,27091,278091,167500,161000
SOUTH DAKOTA,46,CENTRAL,50,OTHER (COMBINED) COUNTIES,,46000,4650,166500,500
MINNESOTA,27,SOUTHWEST,70,MURRAY,101,27101,2770101,166000,95000
KANSAS,20,SOUTH CENTRAL,60,SUMNER,191,20191,2060191,187000,4100
MINNESOTA,27,SOUTHWEST,70,COTTONWOOD,33,27033,277033,163500,126000
SOUTH DAKOTA,46,NORTHEAST,30,DAY,37,46037,463037,163500,100
NORTH DAKOTA,38,CENTRAL,50,FOSTER,31,38031,385031,163000,
ILLINOIS,17,WEST SOUTHWEST,60,MACOUPIN,117,17117,1760117,163000,130800
MINNESOTA,27,SOUTHEAST,90,MOWER,99,27099,279099,163000,118000
MINNESOTA,27,NORTHWEST,10,KITTSON,69,27069,271069,161500,
NORTH DAKOTA,38,NORTH CENTRAL,20,MCHENRY,49,38049,382049,161000,
OHIO,39,NORTHWEST,10,WOOD,173,39173,3910173,161000,107500
IOWA,19,CENTRAL,50,WEBSTER,187,19187,1950187,160500,159300
SOUTH DAKOTA,46,NORTH CENTRAL,20,FAULK,49,46049,462049,160000,
NORTH DAKOTA,38,NORTHEAST,30,WALSH,99,38099,383099,160000,
IOWA,19,EAST CENTRAL,60,BENTON,11,19011,196011,159500,93300
ILLINOIS,17,WEST,30,HANCOCK,67,17067,173067,157500,109900
ILLINOIS,17,NORTHWEST,10,BUREAU,11,17011,171011,157000,99600
ILLINOIS,17,CENTRAL,40,LOGAN,107,17107,1740107,156500,127200
MINNESOTA,27,SOUTHWEST,70,LYON,83,27083,277083,156500,70000
ILLINOIS,17,WEST SOUTHWEST,60,MONTGOMERY,135,17135,1760135,156500,132300
ARKANSAS,5,EAST CENTRAL,60,SAINT FRANCIS,123,5123,560123,156100,180000
NORTH DAKOTA,38,NORTHEAST,30,NELSON,63,38063,383063,156000,
ILLINOIS,17,SOUTHEAST,90,WAYNE,191,17191,1790191,156000,125200
IOWA,19,NORTHWEST,10,SIOUX,167,19167,1910167,155500,66600
MINNESOTA,27,SOUTH CENTRAL,80,FREEBORN,47,27047,278047,154500,122000
SOUTH DAKOTA,46,SOUTHEAST,90,HUTCHINSON,67,46067,469067,162000,9600
SOUTH DAKOTA,46,SOUTHEAST,90,CHARLES MIX,23,46023,469023,156000,2000
OHIO,39,WEST CENTRAL,40,DARKE,37,39037,394037,153000,99500
MINNESOTA,27,WEST CENTRAL,40,TRAVERSE,155,27155,2740155,153000,25000
SOUTH DAKOTA,46,EAST CENTRAL,60,KINGSBURY,77,46077,466077,153000,180
SOUTH DAKOTA,46,NORTHEAST,30,CLARK,25,46025,463025,152500,100
ILLINOIS,17,EAST SOUTHEAST,70,FAYETTE,51,17051,177051,151500,103400
NEBRASKA,31,SOUTH,80,OTHER (COMBINED) COUNTIES,,31000,3180,151500,
NORTH DAKOTA,38,SOUTHEAST,90,RANSOM,73,38073,389073,152500,1600
NORTH DAKOTA,38,NORTHEAST,30,TOWNER,95,38095,383095,151000,
OKLAHOMA,40,NORTH CENTRAL,40,KAY,71,40071,404071,152000,1300
IOWA,19,SOUTH CENTRAL,80,OTHER (COMBINED) COUNTIES,,19000,1980,150500,
IOWA,19,WEST CENTRAL,40,CRAWFORD,47,19047,194047,150000,56200
KANSAS,20,NORTHEAST,70,MARSHALL,117,20117,2070117,165000,8900
ARKANSAS,5,EAST CENTRAL,60,LEE,77,5077,56077,148500,166000
ILLINOIS,17,SOUTHWEST,80,WASHINGTON,189,17189,1780189,148500,110300
ARKANSAS,5,NORTHEAST,30,JACKSON,67,5067,53067,147500,211000
NORTH DAKOTA,38,SOUTH CENTRAL,80,EMMONS,29,38029,388029,145000,
NORTH DAKOTA,38,NORTHWEST,10,RENVILLE,75,38075,381075,144000,
MISSOURI,29,CENTRAL,50,OTHER (COMBINED) COUNTIES,,29000,2950,143900,
IOWA,19,NORTHWEST,10,BUENA VISTA,21,19021,191021,143500,110700
IOWA,19,WEST CENTRAL,40,SHELBY,165,19165,1940165,143500,54700
IOWA,19,WEST CENTRAL,40,MONONA,133,19133,1940133,143000,73800
IOWA,19,NORTHWEST,10,POCAHONTAS,151,19151,1910151,143000,143200
IOWA,19,CENTRAL,50,JASPER,99,19099,195099,142500,70000
MINNESOTA,27,NORTHWEST,10,PENNINGTON,113,27113,2710113,142000,
NEBRASKA,31,NORTHEAST,30,ANTELOPE,3,31003,31303,141200,14200
IOWA,19,NORTHWEST,10,O BRIEN,141,19141,1910141,140500,109400
IOWA,19,CENTRAL,50,TAMA,171,19171,1950171,140500,77100
OHIO,39,NORTHWEST,10,HANCOCK,63,39063,391063,140000,92400
ILLINOIS,17,EAST,50,KANKAKEE,91,17091,175091,140000,134100
OHIO,39,NORTHWEST,10,PUTNAM,137,39137,3910137,140000,95500
NEBRASKA,31,EAST,60,PLATTE,141,31141,3160141,139800,37300
ILLINOIS,17,WEST,30,ADAMS,1,17001,17301,138000,92400
ILLINOIS,17,CENTRAL,40,MACON,115,17115,1740115,138000,126200
OHIO,39,NORTH CENTRAL,20,SENECA,147,39147,3920147,138000,90400
IOWA,19,WEST CENTRAL,40,CALHOUN,25,19025,194025,137500,134200
NEBRASKA,31,EAST,60,LANCASTER,109,31109,3160109,137500,12200
NEBRASKA,31,SOUTHEAST,90,OTOE,131,31131,3190131,136000,27800
NEBRASKA,31,EAST,60,CASS,25,31025,316025,135800,47000
IOWA,19,NORTHWEST,10,CHEROKEE,35,19035,191035,135500,71300
KANSAS,20,CENTRAL,50,DICKINSON,41,20041,205041,139500,3000
IOWA,19,WEST CENTRAL,40,SAC,161,19161,1940161,134500,85500
NORTH DAKOTA,38,SOUTHEAST,90,MCINTOSH,51,38051,389051,134000,
IOWA,19,NORTH CENTRAL,20,WRIGHT,197,19197,1920197,133500,138900
NEBRASKA,31,NORTHEAST,30,OTHER (COMBINED) COUNTIES,,31000,3130,133100,
ILLINOIS,17,EAST,50,FORD,53,17053,175053,133000,121600
MINNESOTA,27,SOUTH CENTRAL,80,BROWN,15,27015,278015,132500,105000
MINNESOTA,27,WEST CENTRAL,40,SWIFT,151,27151,2740151,132500,63500
OHIO,39,CENTRAL,50,MADISON,97,39097,395097,132000,79600
ILLINOIS,17,EAST,50,PIATT,147,17147,1750147,132000,103000
KANSAS,20,NORTH CENTRAL,40,WASHINGTON,201,20201,2040201,139000,2800
NORTH DAKOTA,38,NORTH CENTRAL,20,PIERCE,69,38069,382069,131500,
IOWA,19,WEST CENTRAL,40,HARRISON,85,19085,194085,131000,74900
ILLINOIS,17,WEST SOUTHWEST,60,PIKE,149,17149,1760149,131000,73400
NEBRASKA,31,NORTHEAST,30,CEDAR,27,31027,313027,130500,27800
ILLINOIS,17,WEST,30,KNOX,95,17095,173095,130500,60200
OHIO,39,NORTHWEST,10,VAN WERT,161,39161,3910161,130000,87800
MICHIGAN,26,EAST CENTRAL,60,SANILAC,151,26151,2660151,129500,4880
IOWA,19,CENTRAL,50,MARSHALL,127,19127,1950127,129000,60600
SOUTH DAKOTA,46,EAST CENTRAL,60,BROOKINGS,11,46011,466011,135000,5000
ILLINOIS,17,SOUTHEAST,90,WHITE,193,17193,1790193,128500,85900
MISSOURI,29,NORTHEAST,30,OTHER (COMBINED) COUNTIES,,29000,2930,128100,
IOWA,19,NORTHWEST,10,CLAY,41,19041,191041,128000,105700
IOWA,19,WEST CENTRAL,40,GREENE,73,19073,194073,128000,120300
IOWA,19,CENTRAL,50,GRUNDY,75,19075,195075,128000,83700
MICHIGAN,26,SOUTHEAST,90,LENAWEE,91,26091,269091,128000,82500
ILLINOIS,17,NORTHWEST,10,LEE,103,17103,1710103,127500,95500
NORTH DAKOTA,38,EAST CENTRAL,60,GRIGGS,39,38039,386039,127500,
NEBRASKA,31,NORTHEAST,30,CUMING,39,31039,313039,126800,66300
ARKANSAS,5,EAST CENTRAL,60,WOODRUFF,147,5147,560147,126000,175000
ILLINOIS,17,NORTHEAST,20,DE KALB,37,17037,172037,125500,99400
KANSAS,20,NORTHEAST,70,NEMAHA,131,20131,2070131,132000,18000
NEBRASKA,31,SOUTHEAST,90,FILLMORE,59,31059,319059,124700,3900
ILLINOIS,17,WEST SOUTHWEST,60,MORGAN,137,17137,1760137,124500,90500
OHIO,39,WEST CENTRAL,40,HARDIN,65,39065,394065,124000,82000
SOUTH DAKOTA,46,EAST CENTRAL,60,MINNEHAHA,99,46099,466099,143000,24000
KANSAS,20,SOUTH CENTRAL,60,RENO,155,20155,2060155,125000,1400
IOWA,19,NORTHWEST,10,LYON,119,19119,1910119,123500,71100
NEBRASKA,31,NORTHEAST,30,BOONE,11,31011,313011,123200,8000
MINNESOTA,27,WEST CENTRAL,40,GRANT,51,27051,274051,123000,24000
ILLINOIS,17,CENTRAL,40,WOODFORD,203,17203,1740203,123000,72400
NEBRASKA,31,EAST,60,DODGE,53,31053,316053,122600,76600
NEBRASKA,31,EAST,60,BUTLER,23,31023,316023,122100,27300
IOWA,19,WEST CENTRAL,40,CARROLL,27,19027,194027,122000,81500
IOWA,19,SOUTHWEST,70,CASS,29,19029,197029,122000,61700
OHIO,39,NORTHWEST,10,PAULDING,125,39125,3910125,122000,74400
OHIO,39,CENTRAL,50,PICKAWAY,129,39129,3950129,122000,62200
MINNESOTA,27,CENTRAL,50,SIBLEY,143,27143,2750143,122000,76500
ARKANSAS,5,EAST CENTRAL,60,LONOKE,85,5085,56085,121900,157000
ILLINOIS,17,WEST,30,MCDONOUGH,109,17109,1730109,121500,80300
INDIANA,18,WEST CENTRAL,40,MONTGOMERY,107,18107,1840107,121500,64600
KANSAS,20,NORTH CENTRAL,40,CLAY,27,20027,204027,126000,4500
KANSAS,20,CENTRAL,50,MARION,115,20115,2050115,130500,2100
ARKANSAS,5,NORTHEAST,30,CLAY,21,5021,53021,120500,152000
MISSISSIPPI,28,LOWER DELTA,40,LEFLORE,83,28083,284083,120500,154000
ILLINOIS,17,WEST,30,WARREN,187,17187,1730187,120500,53700
NEBRASKA,31,NORTHEAST,30,MADISON,119,31119,3130119,120300,48600
LOUISIANA,22,NORTHEAST,30,EAST CARROLL,35,22035,223035,120000,127000
ILLINOIS,17,WEST,30,FULTON,57,17057,173057,120000,72800
ILLINOIS,17,WEST SOUTHWEST,60,MADISON,119,17119,1760119,120000,104100
ILLINOIS,17,CENTRAL,40,TAZEWELL,179,17179,1740179,120000,71900
KANSAS,20,CENTRAL,50,MCPHERSON,113,20113,2050113,129000,3600
NEBRASKA,31,EAST,60,SEWARD,159,31159,3160159,119500,11200
ARKANSAS,5,EAST CENTRAL,60,MONROE,95,5095,56095,119400,120000
INDIANA,18,SOUTHWEST,70,KNOX,83,18083,187083,119000,55100
ARKANSAS,5,SOUTHEAST,90,JEFFERSON,69,5069,59069,118700,104000
SOUTH DAKOTA,46,EAST CENTRAL,60,MCCOOK,87,46087,466087,122000,1800
IOWA,19,EAST CENTRAL,60,CEDAR,31,19031,196031,118000,55300
ILLINOIS,17,EAST SOUTHEAST,70,COLES,29,17029,177029,117500,92300
ILLINOIS,17,EAST SOUTHEAST,70,JASPER,79,17079,177079,117500,92300
INDIANA,18,CENTRAL,50,GRANT,53,18053,185053,117000,77800
INDIANA,18,EAST CENTRAL,60,RANDOLPH,135,18135,1860135,117000,75300
ARKANSAS,5,NORTHEAST,30,CRAIGHEAD,31,5031,53031,116700,161000
NEBRASKA,31,SOUTHEAST,90,SALINE,151,31151,3190151,116500,4600
IOWA,19,EAST CENTRAL,60,CLINTON,45,19045,196045,116000,45600
IOWA,19,NORTH CENTRAL,20,HANCOCK,81,19081,192081,116000,117900
NEBRASKA,31,SOUTHEAST,90,RICHARDSON,147,31147,3190147,115800,50900
IOWA,19,NORTHEAST,30,FAYETTE,65,19065,193065,115500,56500
IOWA,19,SOUTHWEST,70,FREMONT,71,19071,197071,115500,77800
KANSAS,20,NORTH CENTRAL,40,REPUBLIC,157,20157,2040157,119000,4100
IOWA,19,CENTRAL,50,HAMILTON,79,19079,195079,115000,126500
IOWA,19,SOUTHWEST,70,PAGE,145,19145,1970145,115000,72500
MISSISSIPPI,28,UPPER DELTA,10,TALLAHATCHIE,135,28135,2810135,115000,130000
ILLINOIS,17,SOUTHWEST,80,RANDOLPH,157,17157,1780157,114500,54600
SOUTH DAKOTA,46,SOUTHEAST,90,TURNER,125,46125,4690125,140500,31700
NEBRASKA,31,NORTHEAST,30,BURT,21,31021,313021,114100,66800
INDIANA,18,CENTRAL,50,BOONE,11,18011,185011,114000,69800
IOWA,19,NORTH CENTRAL,20,CERRO GORDO,33,19033,192033,114000,94000
LOUISIANA,22,CENTRAL,50,CONCORDIA,29,22029,225029,114000,140000
ILLINOIS,17,EAST SOUTHEAST,70,DOUGLAS,41,17041,177041,114000,92300
IOWA,19,NORTH CENTRAL,20,FRANKLIN,69,19069,192069,114000,97800
MICHIGAN,26,EAST CENTRAL,60,SAGINAW,145,26145,2660145,114000,81000
MINNESOTA,27,WEST CENTRAL,40,BIG STONE,11,27011,274011,113500,13300
OHIO,39,NORTHWEST,10,DEFIANCE,39,39039,391039,113000,73800
OHIO,39,CENTRAL,50,FAYETTE,47,39047,395047,113000,67700
ILLINOIS,17,SOUTHWEST,80,ST CLAIR,163,17163,1780163,113000,106600
MINNESOTA,27,WEST CENTRAL,40,STEVENS,149,27149,2740149,113000,29300
OHIO,39,CENTRAL,50,UNION,159,39159,3950159,113000,66800
MISSISSIPPI,28,UPPER DELTA,10,COAHOMA,27,28027,281027,112500,105000
MINNESOTA,27,SOUTHWEST,70,ROCK,133,27133,2770133,112500,52500
ILLINOIS,17,NORTHEAST,20,WILL,197,17197,1720197,112500,113900
OHIO,39,NORTH CENTRAL,20,HURON,77,39077,392077,112000,68700
NORTH DAKOTA,38,SOUTHEAST,90,LOGAN,47,38047,389047,112000,
IOWA,19,CENTRAL,50,POWESHIEK,157,19157,1950157,112000,54300
INDIANA,18,NORTHWEST,10,WHITE,181,18181,1810181,112000,83900
KANSAS,20,SOUTH CENTRAL,60,HARVEY,79,20079,206079,118000,3200
ILLINOIS,17,EAST SOUTHEAST,70,CLAY,25,17025,177025,111500,76800
IOWA,19,NORTHWEST,10,PALO ALTO,147,19147,1910147,111500,125400
INDIANA,18,NORTHEAST,30,ALLEN,3,18003,18303,111000,85600
ILLINOIS,17,SOUTHWEST,80,CLINTON,27,17027,178027,111000,66200
OHIO,39,NORTHWEST,10,HENRY,69,39069,391069,111000,84200
OHIO,39,NORTH CENTRAL,20,WYANDOT,175,39175,3920175,111000,70000
SOUTH DAKOTA,46,EAST CENTRAL,60,LAKE,79,46079,466079,114500,1300
IOWA,19,SOUTHWEST,70,ADAIR,1,19001,19701,110500,52100
NEBRASKA,31,EAST,60,YORK,185,31185,3160185,110300,4100
KANSAS,20,NORTH CENTRAL,40,OTHER (COMBINED) COUNTIES,,20000,2040,110200,
MINNESOTA,27,WEST CENTRAL,40,CHIPPEWA,23,27023,274023,110000,45000
MINNESOTA,27,CENTRAL,50,KANDIYOHI,67,27067,275067,110000,58500
OHIO,39,CENTRAL,50,MARION,101,39101,3950101,110000,71900
ILLINOIS,17,NORTHWEST,10,OGLE,141,17141,1710141,110000,51800
IOWA,19,CENTRAL,50,STORY,169,19169,1950169,110000,108900
NEBRASKA,31,SOUTHEAST,90,THAYER,169,31169,3190169,109400,2000
KANSAS,20,NORTH CENTRAL,40,JEWELL,89,20089,204089,110000,640
INDIANA,18,CENTRAL,50,CLINTON,23,18023,185023,109000,58300
OHIO,39,WEST CENTRAL,40,MERCER,107,39107,3940107,109000,68200
SOUTH DAKOTA,46,NORTHEAST,30,CODINGTON,29,46029,463029,109000,100
OHIO,39,NORTH CENTRAL,20,CRAWFORD,33,39033,392033,108500,55000
MINNESOTA,27,CENTRAL,50,STEARNS,145,27145,2750145,108500,9000
OHIO,39,SOUTHWEST,70,CLINTON,27,39027,397027,108000,52200
OHIO,39,SOUTH CENTRAL,80,HIGHLAND,71,39071,398071,108000,48600
ILLINOIS,17,NORTHWEST,10,MERCER,131,17131,1710131,108000,38200
ARKANSAS,5,EAST CENTRAL,60,PRAIRIE,117,5117,560117,108000,162000
NEBRASKA,31,NORTHEAST,30,PIERCE,139,31139,3130139,107700,18700
IOWA,19,CENTRAL,50,BOONE,15,19015,195015,107500,104500
IOWA,19,NORTH CENTRAL,20,BUTLER,23,19023,192023,107500,81100
IOWA,19,NORTH CENTRAL,20,FLOYD,67,19067,192067,107500,86400
INDIANA,18,NORTHEAST,30,WELLS,179,18179,1830179,107500,78900
SOUTH DAKOTA,46,NORTHEAST,30,GRANT,51,46051,463051,111000,1000
NEBRASKA,31,NORTHEAST,30,WAYNE,179,31179,3130179,106600,32300
MINNESOTA,27,SOUTH CENTRAL,80,WATONWAN,165,27165,2780165,106500,86000
INDIANA,18,NORTHWEST,10,BENTON,7,18007,18107,106000,91900
MINNESOTA,27,SOUTHWEST,70,LINCOLN,81,27081,277081,106000,13500
IOWA,19,SOUTHEAST,90,MAHASKA,123,19123,1990123,105500,61100
NEBRASKA,31,NORTH,20,HOLT,89,31089,312089,105300,600
SOUTH DAKOTA,46,NORTHEAST,30,MARSHALL,91,46091,463091,106000,
MINNESOTA,27,SOUTHEAST,90,GOODHUE,49,27049,279049,105000,31000
IOWA,19,NORTH CENTRAL,20,HUMBOLDT,91,19091,192091,105000,100700
INDIANA,18,NORTHWEST,10,JASPER,73,18073,181073,105000,64500
IOWA,19,EAST CENTRAL,60,LINN,113,19113,1960113,105000,65100
ILLINOIS,17,EAST SOUTHEAST,70,MARION,121,17121,1770121,104500,84300
KANSAS,20,EAST CENTRAL,80,OTHER (COMBINED) COUNTIES,,20000,2080,104300,
IOWA,19,CENTRAL,50,DALLAS,49,19049,195049,104000,88500
INDIANA,18,EAST CENTRAL,60,JAY,75,18075,186075,104000,60600
INDIANA,18,CENTRAL,50,RUSH,139,18139,1850139,104000,49800
INDIANA,18,CENTRAL,50,SHELBY,145,18145,1850145,104000,47000
ILLINOIS,17,EAST SOUTHEAST,70,CLARK,23,17023,177023,103500,78800
INDIANA,18,CENTRAL,50,MADISON,95,18095,185095,103500,58100
MICHIGAN,26,SOUTH CENTRAL,80,SHIAWASSEE,155,26155,2680155,103500,44100
IOWA,19,EAST CENTRAL,60,IOWA,95,19095,196095,103000,32700
WISCONSIN,55,SOUTH CENTRAL,80,ROCK,105,55105,5580105,103000,21700
IOWA,19,SOUTHEAST,90,KEOKUK,107,19107,1990107,102500,43300
ILLINOIS,17,EAST SOUTHEAST,70,EFFINGHAM,49,17049,177049,102000,68800
LOUISIANA,22,NORTHEAST,30,MADISON,65,22065,223065,102000,177000
MINNESOTA,27,CENTRAL,50,MEEKER,93,27093,275093,102000,42000
INDIANA,18,SOUTHWEST,70,GIBSON,51,18051,187051,101500,43400
NEBRASKA,31,SOUTHEAST,90,JEFFERSON,95,31095,319095,101500,1700
SOUTH DAKOTA,46,NORTH CENTRAL,20,MCPHERSON,89,46089,462089,101500,
IOWA,19,NORTHWEST,10,OSCEOLA,143,19143,1910143,101500,76800
ILLINOIS,17,SOUTHEAST,90,HAMILTON,65,17065,179065,101000,74400
NEBRASKA,31,SOUTH,80,PHELPS,137,31137,3180137,100800,400
ILLINOIS,17,SOUTHEAST,90,JEFFERSON,81,17081,179081,100500,88400
MINNESOTA,27,SOUTH CENTRAL,80,LE SUEUR,79,27079,278079,100500,46500
KANSAS,20,SOUTH CENTRAL,60,SEDGWICK,173,20173,2060173,130000,3700
MINNESOTA,27,SOUTHEAST,90,FILLMORE,45,27045,279045,100000,26500
MISSISSIPPI,28,UPPER DELTA,10,TUNICA,143,28143,2810143,100000,135000
ILLINOIS,17,WEST SOUTHWEST,60,GREENE,61,17061,176061,99600,63900
ILLINOIS,17,CENTRAL,40,DE WITT,39,17039,174039,99300,82000
OHIO,39,WEST CENTRAL,40,AUGLAIZE,11,39011,394011,99000,61100
IOWA,19,SOUTHWEST,70,MILLS,129,19129,1970129,99000,64000
OHIO,39,WEST CENTRAL,40,SHELBY,149,39149,3940149,99000,55000
SOUTH DAKOTA,46,NORTHEAST,30,HAMLIN,57,46057,463057,99500,300
NORTH DAKOTA,38,SOUTH CENTRAL,80,BURLEIGH,15,38015,388015,98500,
IOWA,19,WEST CENTRAL,40,IDA,93,19093,194093,98500,44400
IOWA,19,CENTRAL,50,HARDIN,83,19083,195083,98000,86900
OHIO,39,NORTH CENTRAL,20,SANDUSKY,143,39143,3920143,98000,61900
NEBRASKA,31,SOUTH,80,ADAMS,1,31001,31801,97800,2300
LOUISIANA,22,NORTHEAST,30,MOREHOUSE,67,22067,223067,97800,85000
ILLINOIS,17,NORTHWEST,10,WHITESIDE,195,17195,1710195,97400,61400
INDIANA,18,NORTHEAST,30,HUNTINGTON,69,18069,183069,97300,60000
NEBRASKA,31,CENTRAL,50,CUSTER,41,31041,315041,97000,900
KENTUCKY,21,PURCHASE,10,GRAVES,83,21083,211083,96900,74100
ILLINOIS,17,SOUTHWEST,80,JACKSON,77,17077,178077,96900,60600
IOWA,19,WEST CENTRAL,40,AUDUBON,9,19009,19409,96800,36300
NEBRASKA,31,CENTRAL,50,BUFFALO,19,31019,315019,96200,7400
NEBRASKA,31,NORTHEAST,30,KNOX,107,31107,3130107,96200,6100
ILLINOIS,17,CENTRAL,40,MASON,125,17125,1740125,96100,83500
OHIO,39,SOUTH CENTRAL,80,BROWN,15,39015,398015,96000,46700
ILLINOIS,17,NORTHEAST,20,GRUNDY,63,17063,172063,96000,75300
OHIO,39,WEST CENTRAL,40,LOGAN,91,39091,394091,96000,49800
OKLAHOMA,40,NORTH CENTRAL,40,GRANT,53,40053,404053,96000,
NEBRASKA,31,SOUTHEAST,90,CLAY,35,31035,319035,95600,2000
KANSAS,20,NORTH CENTRAL,40,CLOUD,29,20029,204029,98000,1200
KANSAS,20,SOUTHEAST,90,COWLEY,35,20035,209035,103000,2500
INDIANA,18,NORTH CENTRAL,20,WABASH,169,18169,1820169,95000,44300
OHIO,39,NORTHWEST,10,WILLIAMS,171,39171,3910171,95000,51000
NEBRASKA,31,NORTHEAST,30,DIXON,51,31051,313051,94800,21200
MINNESOTA,27,SOUTHEAST,90,DODGE,39,27039,279039,94400,41000
IOWA,19,NORTHEAST,30,BLACK HAWK,13,19013,193013,94200,68400
IOWA,19,SOUTHEAST,90,WASHINGTON,183,19183,1990183,94200,54800
ILLINOIS,17,SOUTHWEST,80,PERRY,145,17145,1780145,94000,60600
INDIANA,18,WEST CENTRAL,40,TIPPECANOE,157,18157,1840157,93900,61100
NEBRASKA,31,EAST,60,HAMILTON,81,31081,316081,93800,3600
IOWA,19,WEST CENTRAL,40,GUTHRIE,77,19077,194077,93700,57500
NEBRASKA,31,SOUTH,80,KEARNEY,99,31099,318099,93700,900
INDIANA,18,WEST CENTRAL,40,FOUNTAIN,45,18045,184045,93600,57000
SOUTH DAKOTA,46,SOUTHEAST,90,LINCOLN,83,46083,469083,128000,44100
IOWA,19,SOUTHWEST,70,MONTGOMERY,137,19137,1970137,93500,57900
IOWA,19,NORTH CENTRAL,20,WORTH,195,19195,1920195,93500,73200
SOUTH DAKOTA,46,NORTHEAST,30,DEUEL,39,46039,463039,96500,1600
MINNESOTA,27,CENTRAL,50,MCLEOD,85,27085,275085,93400,34000
LOUISIANA,22,CENTRAL,50,SAINT LANDRY,97,22097,225097,93400,170000
OHIO,39,WEST CENTRAL,40,CHAMPAIGN,21,39021,394021,93000,41300
IOWA,19,NORTH CENTRAL,20,MITCHELL,131,19131,1920131,93000,67700
IOWA,19,EAST CENTRAL,60,JOHNSON,103,19103,1960103,92700,47300
MINNESOTA,27,NORTHWEST,10,RED LAKE,125,27125,2710125,92700,500
NORTH DAKOTA,38,CENTRAL,50,SHERIDAN,83,38083,385083,92500,
KENTUCKY,21,MIDWESTERN,20,HENDERSON,101,21101,2120101,92400,67700
INDIANA,18,EAST CENTRAL,60,DELAWARE,35,18035,186035,92000,49900
INDIANA,18,NORTH CENTRAL,20,MIAMI,103,18103,1820103,92000,41400
OHIO,39,SOUTHWEST,70,PREBLE,135,39135,3970135,92000,50400
INDIANA,18,EAST CENTRAL,60,HENRY,65,18065,186065,91800,45400
ILLINOIS,17,EAST SOUTHEAST,70,CRAWFORD,33,17033,177033,91500,70300
MINNESOTA,27,SOUTHWEST,70,PIPESTONE,117,27117,2770117,91500,17000
ILLINOIS,17,EAST SOUTHEAST,70,RICHLAND,159,17159,1770159,91500,54200
OHIO,39,NORTHWEST,10,ALLEN,3,39003,39103,91000,56100
IOWA,19,NORTHWEST,10,EMMET,63,19063,191063,90600,81300
IOWA,19,NORTH CENTRAL,20,WINNEBAGO,189,19189,1920189,90500,88000
MISSOURI,29,CENTRAL,50,SALINE,195,29195,2950195,146000,88800
INDIANA,18,NORTHWEST,10,LA PORTE,91,18091,181091,90200,48100
SOUTH DAKOTA,46,EAST CENTRAL,60,MOODY,101,46101,4660101,105500,23800
SOUTH DAKOTA,46,CENTRAL,50,BRULE,15,46015,465015,90000,
MINNESOTA,27,SOUTH CENTRAL,80,WASECA,161,27161,2780161,90000,61000
KANSAS,20,NORTHEAST,70,BROWN,13,20013,207013,126500,41500
NEBRASKA,31,CENTRAL,50,OTHER (COMBINED) COUNTIES,,31000,3150,89600,
ILLINOIS,17,NORTHWEST,10,STEPHENSON,177,17177,1710177,89500,12600
NEBRASKA,31,SOUTHEAST,90,NEMAHA,127,31127,3190127,89400,35000
IOWA,19,NORTHEAST,30,CHICKASAW,37,19037,193037,89300,53400
IOWA,19,NORTHEAST,30,HOWARD,89,19089,193089,89300,47400
KENTUCKY,21,MIDWESTERN,20,DAVIESS,59,21059,212059,89200,82500
LOUISIANA,22,CENTRAL,50,AVOYELLES,9,22009,22509,89100,110000
OHIO,39,NORTHWEST,10,FULTON,51,39051,391051,89000,55600
MISSOURI,29,NORTHWEST,10,ATCHISON,5,29005,29105,133500,69800
NEBRASKA,31,EAST,60,WASHINGTON,177,31177,3160177,88700,42700
MICHIGAN,26,CENTRAL,50,GRATIOT,57,26057,265057,88500,26900
SOUTH DAKOTA,46,NORTH CENTRAL,20,POTTER,107,46107,4620107,88500,
INDIANA,18,NORTHEAST,30,ADAMS,1,18001,18301,88000,57100
MICHIGAN,26,SOUTH CENTRAL,80,HILLSDALE,59,26059,268059,88000,23300
INDIANA,18,NORTH CENTRAL,20,KOSCIUSKO,85,18085,182085,88000,45200
KENTUCKY,21,MIDWESTERN,20,CHRISTIAN,47,21047,212047,87900,74700
NORTH CAROLINA,37,SOUTHERN COASTAL,90,ROBESON,155,37155,3790155,87500,71000
MISSISSIPPI,28,LOWER DELTA,40,SHARKEY,125,28125,2840125,87400,148000
ILLINOIS,17,CENTRAL,40,PEORIA,143,17143,1740143,87300,54300
INDIANA,18,SOUTHWEST,70,POSEY,129,18129,1870129,87100,39200
MINNESOTA,27,SOUTH CENTRAL,80,STEELE,147,27147,2780147,87100,52500
LOUISIANA,22,CENTRAL,50,CATAHOULA,25,22025,225025,87000,190000
SOUTH DAKOTA,46,EAST CENTRAL,60,MINER,97,46097,466097,87500,200
WISCONSIN,55,SOUTH CENTRAL,80,DANE,25,55025,558025,86900,4000
MISSISSIPPI,28,LOWER DELTA,40,HUMPHREYS,53,28053,284053,86700,123000
MISSOURI,29,NORTHWEST,10,NODAWAY,147,29147,2910147,148000,91000
MICHIGAN,26,SOUTHEAST,90,MONROE,115,26115,2690115,86500,78300
MINNESOTA,27,SOUTH CENTRAL,80,NICOLLET,103,27103,2780103,86500,64000
MINNESOTA,27,WEST CENTRAL,40,POPE,121,27121,2740121,86100,16700
NEBRASKA,31,EAST,60,POLK,143,31143,3160143,85900,6600
ILLINOIS,17,SOUTHEAST,90,GALLATIN,59,17059,179059,85500,45700
IOWA,19,NORTHEAST,30,BUCHANAN,19,19019,193019,85300,62100
KANSAS,20,NORTH CENTRAL,40,SMITH,183,20183,2040183,85000,250
ILLINOIS,17,SOUTHWEST,80,MONROE,133,17133,1780133,84800,41900
ILLINOIS,17,SOUTHEAST,90,FRANKLIN,55,17055,179055,84500,70800
ILLINOIS,17,WEST SOUTHWEST,60,BOND,5,17005,17605,84300,58800
INDIANA,18,NORTH CENTRAL,20,CASS,17,18017,182017,84300,42900
SOUTH DAKOTA,46,SOUTHEAST,90,BON HOMME,9,46009,46909,97500,11300
MICHIGAN,26,SOUTH CENTRAL,80,CALHOUN,25,26025,268025,84200,6200
MINNESOTA,27,NORTHWEST,10,BECKER,5,27005,27105,84000,2500
ILLINOIS,17,EAST SOUTHEAST,70,LAWRENCE,101,17101,1770101,84000,41200
IOWA,19,SOUTHWEST,70,TAYLOR,173,19173,1970173,84000,40500
MICHIGAN,26,SOUTH CENTRAL,80,EATON,45,26045,268045,83500,8600
SOUTH DAKOTA,46,EAST CENTRAL,60,HANSON,61,46061,466061,83500,150
NORTH DAKOTA,38,CENTRAL,50,EDDY,27,38027,385027,83000,
MISSOURI,29,WEST,40,LAFAYETTE,107,29107,2940107,117500,67200
OHIO,39,WEST CENTRAL,40,MIAMI,109,39109,3940109,83000,53600
KANSAS,20,CENTRAL,50,OTHER (COMBINED) COUNTIES,,20000,2050,82800,
KANSAS,20,CENTRAL,50,SALINE,169,20169,2050169,84700,1100
OHIO,39,NORTH CENTRAL,20,OTHER (COMBINED) COUNTIES,,39000,3920,82500,
MISSISSIPPI,28,UPPER DELTA,10,QUITMAN,119,28119,2810119,82500,130000
INDIANA,18,NORTH CENTRAL,20,CARROLL,15,18015,182015,82300,47200
KANSAS,20,SOUTHEAST,90,BUTLER,15,20015,209015,96300,7700
ILLINOIS,17,EAST SOUTHEAST,70,MOULTRIE,139,17139,1770139,81500,69300
INDIANA,18,CENTRAL,50,DECATUR,31,18031,185031,81300,26400
ILLINOIS,17,CENTRAL,40,MARSHALL,123,17123,1740123,81000,49300
IOWA,19,NORTHWEST,10,DICKINSON,59,19059,191059,80400,70100
NEBRASKA,31,EAST,60,COLFAX,37,31037,316037,80200,34000
SOUTH DAKOTA,46,SOUTHEAST,90,DOUGLAS,43,46043,469043,80500,200
NEBRASKA,31,CENTRAL,50,DAWSON,47,31047,315047,80100,400
INDIANA,18,NORTHWEST,10,PULASKI,131,18131,1810131,80000,64200
SOUTH DAKOTA,46,EAST CENTRAL,60,DAVISON,35,46035,466035,80000,120
MINNESOTA,27,SOUTHEAST,90,OLMSTED,109,27109,2790109,79400,22500
KENTUCKY,21,MIDWESTERN,20,LOGAN,141,21141,2120141,79300,49300
INDIANA,18,WEST CENTRAL,40,WARREN,171,18171,1840171,78600,63600
INDIANA,18,NORTHWEST,10,NEWTON,111,18111,1810111,78400,55500
KANSAS,20,SOUTH CENTRAL,60,OTHER (COMBINED) COUNTIES,,20000,2060,78200,
INDIANA,18,SOUTH CENTRAL,80,JACKSON,71,18071,188071,78100,32200
MICHIGAN,26,SOUTH CENTRAL,80,BRANCH,23,26023,268023,78000,20000
INDIANA,18,NORTHEAST,30,DE KALB,33,18033,183033,78000,40300
INDIANA,18,CENTRAL,50,TIPTON,159,18159,1850159,78000,42200
MINNESOTA,27,CENTRAL,50,WRIGHT,171,27171,2750171,78000,26000
WISCONSIN,55,SOUTH CENTRAL,80,DODGE,27,55027,558027,77900,1300
IOWA,19,SOUTH CENTRAL,80,MARION,125,19125,1980125,77800,39000
MICHIGAN,26,SOUTH CENTRAL,80,CLINTON,37,26037,268037,77500,31300
NORTH DAKOTA,38,CENTRAL,50,KIDDER,43,38043,385043,77500,
INDIANA,18,CENTRAL,50,HANCOCK,59,18059,185059,77400,53100
MICHIGAN,26,EAST CENTRAL,60,TUSCOLA,157,26157,2660157,77400,4330
ARKANSAS,5,SOUTHEAST,90,LINCOLN,79,5079,59079,77300,63000
IOWA,19,EAST CENTRAL,60,JONES,105,19105,1960105,77200,28200
NEBRASKA,31,NORTHEAST,30,STANTON,167,31167,3130167,76500,23300
KANSAS,20,NORTH CENTRAL,40,OTTAWA,143,20143,2040143,79500,1400
INDIANA,18,CENTRAL,50,BARTHOLOMEW,5,18005,18505,76100,32800
SOUTH DAKOTA,46,NORTH CENTRAL,20,CAMPBELL,21,46021,462021,76000,
INDIANA,18,SOUTHWEST,70,SULLIVAN,153,18153,1870153,76000,37100
NEBRASKA,31,SOUTHEAST,90,NUCKOLLS,129,31129,3190129,75800,2000
DELAWARE,10,SOUTHERN,80,SUSSEX,5,10005,10805,75600,108500
NEBRASKA,31,SOUTHEAST,90,PAWNEE,133,31133,3190133,75400,4100
KENTUCKY,21,MIDWESTERN,20,OTHER (COMBINED) COUNTIES,,21000,2120,75300,1100
IOWA,19,NORTHEAST,30,BREMER,17,19017,193017,75200,51200
KENTUCKY,21,PURCHASE,10,OTHER (COMBINED) COUNTIES,,21000,2110,75200,1100
OHIO,39,CENTRAL,50,MORROW,117,39117,3950117,75000,40800
IOWA,19,EAST CENTRAL,60,MUSCATINE,139,19139,1960139,74700,43800
IOWA,19,SOUTH CENTRAL,80,MADISON,121,19121,1980121,74600,44400
ILLINOIS,17,EAST SOUTHEAST,70,CUMBERLAND,35,17035,177035,74500,56200
INDIANA,18,CENTRAL,50,HOWARD,67,18067,185067,74500,46900
OHIO,39,CENTRAL,50,DELAWARE,41,39041,395041,74000,59700
OHIO,39,CENTRAL,50,LICKING,89,39089,395089,74000,33000
MINNESOTA,27,SOUTH CENTRAL,80,RICE,131,27131,2780131,73900,29500
ARKANSAS,5,NORTHEAST,30,GREENE,55,5055,53055,73800,123000
WISCONSIN,55,SOUTHWEST,70,GRANT,43,55043,557043,73500,1000
MINNESOTA,27,WEST CENTRAL,40,DOUGLAS,41,27041,274041,73400,4000
IOWA,19,SOUTHEAST,90,HENRY,87,19087,199087,72500,44800
INDIANA,18,EAST CENTRAL,60,WAYNE,177,18177,1860177,72200,35200
INDIANA,18,WEST CENTRAL,40,PUTNAM,133,18133,1840133,72000,34100
IOWA,19,SOUTHEAST,90,LOUISA,115,19115,1990115,71600,42900
ILLINOIS,17,CENTRAL,40,STARK,175,17175,1740175,71600,32200
IOWA,19,SOUTHWEST,70,ADAMS,3,19003,19703,71500,30900
IOWA,19,CENTRAL,50,POLK,153,19153,1950153,71000,78700
SOUTH DAKOTA,46,NORTH CENTRAL,20,WALWORTH,129,46129,4620129,71000,
MINNESOTA,27,NORTHWEST,10,MAHNOMEN,87,27087,271087,70800,600
NORTH CAROLINA,37,CENTRAL COASTAL,80,BEAUFORT,13,37013,378013,70700,53700
INDIANA,18,NORTH CENTRAL,20,MARSHALL,99,18099,182099,70600,38000
OHIO,39,CENTRAL,50,FAIRFIELD,45,39045,395045,70500,32300
OHIO,39,SOUTHWEST,70,GREENE,57,39057,397057,70500,33600
IOWA,19,EAST CENTRAL,60,SCOTT,163,19163,1960163,70400,33000
INDIANA,18,WEST CENTRAL,40,CLAY,21,18021,184021,70100,39800
OHIO,39,NORTH CENTRAL,20,OTTAWA,123,39123,3920123,70000,51100
KANSAS,20,CENTRAL,50,RICE,159,20159,2050159,70900,1000
MISSOURI,29,WEST,40,BATES,13,29013,294013,124000,46000
INDIANA,18,NORTH CENTRAL,20,FULTON,49,18049,182049,69300,38400
OHIO,39,WEST CENTRAL,40,CLARK,23,39023,394023,69000,38500
NORTH DAKOTA,38,NORTH CENTRAL,20,ROLETTE,79,38079,382079,69000,
NEBRASKA,31,EAST,60,MERRICK,121,31121,3160121,68800,600
IOWA,19,SOUTH CENTRAL,80,WARREN,181,19181,1980181,68800,37700
IOWA,19,SOUTHEAST,90,LEE,111,19111,1990111,68600,39300
INDIANA,18,SOUTHWEST,70,SPENCER,147,18147,1870147,68000,35200
WISCONSIN,55,WEST CENTRAL,40,DUNN,33,55033,554033,67600,7000
IOWA,19,NORTHEAST,30,WINNESHIEK,191,19191,1930191,67600,12500
MICHIGAN,26,SOUTH CENTRAL,80,IONIA,67,26067,268067,67500,4700
SOUTH DAKOTA,46,SOUTHEAST,90,UNION,127,46127,4690127,108500,44800
SOUTH DAKOTA,46,SOUTHEAST,90,YANKTON,135,46135,4690135,83500,18500
ILLINOIS,17,CENTRAL,40,MENARD,129,17129,1740129,66700,53800
INDIANA,18,CENTRAL,50,HENDRICKS,63,18063,185063,66000,50300
NORTH DAKOTA,38,NORTHWEST,10,OTHER (COMBINED) COUNTIES,,38000,3810,66000,
LOUISIANA,22,CENTRAL,50,POINTE COUPEE,77,22077,225077,66000,60000
OHIO,39,CENTRAL,50,ROSS,141,39141,3950141,66000,28200
ILLINOIS,17,WEST SOUTHWEST,60,CASS,17,17017,176017,65800,56300
LOUISIANA,22,NORTHEAST,30,TENSAS,107,22107,2230107,65600,108000
INDIANA,18,NORTHEAST,30,WHITLEY,183,18183,1830183,65400,34300
INDIANA,18,SOUTHEAST,90,RIPLEY,137,18137,1890137,65300,27500
ILLINOIS,17,NORTHEAST,20,MCHENRY,111,17111,1720111,65000,35100
SOUTH DAKOTA,46,EAST CENTRAL,60,SANBORN,111,46111,4660111,65000,150
KENTUCKY,21,MIDWESTERN,20,UNION,225,21225,2120225,64900,18700
IOWA,19,SOUTHEAST,90,JEFFERSON,101,19101,1990101,64800,48200
IOWA,19,SOUTH CENTRAL,80,RINGGOLD,159,19159,1980159,64600,33700
ILLINOIS,17,NORTHEAST,20,KENDALL,93,17093,172093,64500,51700
INDIANA,18,SOUTHWEST,70,DAVIESS,27,18027,187027,64300,32100
INDIANA,18,WEST CENTRAL,40,PARKE,121,18121,1840121,64100,33500
ILLINOIS,17,WEST,30,SCHUYLER,169,17169,1730169,63500,44200
INDIANA,18,NORTHEAST,30,NOBLE,113,18113,1830113,63400,26500
NORTH CAROLINA,37,SOUTHERN PIEDMONT,60,UNION,179,37179,3760179,63300,51000
IOWA,19,SOUTHEAST,90,DES MOINES,57,19057,199057,63200,43000
MICHIGAN,26,SOUTHEAST,90,ST CLAIR,147,26147,2690147,63000,13250
ARKANSAS,5,SOUTHWEST,70,OTHER (COMBINED) COUNTIES,,5000,570,62700,100
WISCONSIN,55,WEST CENTRAL,40,ST CROIX,109,55109,5540109,62500,3900
MISSOURI,29,NORTH CENTRAL,20,CHARITON,41,29041,292041,134000,107800
MISSISSIPPI,28,LOWER DELTA,40,ISSAQUENA,55,28055,284055,62100,70000
SOUTH DAKOTA,46,SOUTHEAST,90,CLAY,27,46027,469027,95500,48200
NORTH CAROLINA,37,SOUTHERN COASTAL,90,SAMPSON,163,37163,3790163,62000,41500
ARKANSAS,5,SOUTHEAST,90,ASHLEY,3,5003,5903,61800,60000
INDIANA,18,WEST CENTRAL,40,VIGO,167,18167,1840167,61800,35100
KANSAS,20,SOUTHEAST,90,MONTGOMERY,125,20125,2090125,73700,11600
NORTH CAROLINA,37,CENTRAL COASTAL,80,WAYNE,191,37191,3780191,61500,33050
WISCONSIN,55,SOUTH CENTRAL,80,GREEN,45,55045,558045,61300,2100
NEBRASKA,31,SOUTHEAST,90,JOHNSON,97,31097,319097,61100,6800
MICHIGAN,26,SOUTH CENTRAL,80,INGHAM,65,26065,268065,61000,6700
MISSOURI,29,NORTHEAST,30,AUDRAIN,7,29007,29307,158500,134500
WISCONSIN,55,SOUTHEAST,90,WALWORTH,127,55127,5590127,60900,12200
ILLINOIS,17,WEST,30,HENDERSON,71,17071,173071,60800,34100
KANSAS,20,NORTHWEST,10,OTHER (COMBINED) COUNTIES,,20000,2010,60600,
MICHIGAN,26,CENTRAL,50,ISABELLA,73,26073,265073,60500,2250
OHIO,39,CENTRAL,50,KNOX,83,39083,395083,60500,19400
ARKANSAS,5,NORTHEAST,30,LAWRENCE,75,5075,53075,60300,118000
NORTH CAROLINA,37,CENTRAL COASTAL,80,PITT,147,37147,3780147,60100,31500
OHIO,39,NORTH CENTRAL,20,LORAIN,93,39093,392093,60000,29500
WISCONSIN,55,NORTHWEST,10,CHIPPEWA,17,55017,551017,59800,3400
WISCONSIN,55,SOUTHWEST,70,LAFAYETTE,65,55065,557065,59700,1800
KENTUCKY,21,MIDWESTERN,20,MCLEAN,149,21149,2120149,59600,44500
ILLINOIS,17,NORTHEAST,20,KANE,89,17089,172089,59300,55200
NEBRASKA,31,SOUTH,80,WEBSTER,181,31181,3180181,59100,
MICHIGAN,26,EAST CENTRAL,60,HURON,63,26063,266063,59000,4000
INDIANA,18,SOUTHEAST,90,JENNINGS,79,18079,189079,59000,13000
ALABAMA,1,NORTHERN VALLEY,10,LIMESTONE,83,1083,11083,59000,67000
IOWA,19,NORTHEAST,30,DELAWARE,55,19055,193055,58500,21600
MICHIGAN,26,SOUTHWEST,70,OTHER (COMBINED) COUNTIES,,26000,2670,58500,
INDIANA,18,SOUTHWEST,70,OTHER (COMBINED) COUNTIES,,18000,1870,58400,
WISCONSIN,55,EAST CENTRAL,60,OUTAGAMIE,87,55087,556087,58400,500
MICHIGAN,26,EAST CENTRAL,60,BAY,17,26017,266017,58200,4390
MINNESOTA,27,CENTRAL,50,TODD,153,27153,2750153,58200,2300
MISSOURI,29,NORTH CENTRAL,20,CARROLL,33,29033,292033,132000,102500
INDIANA,18,NORTHWEST,10,PORTER,127,18127,1810127,58000,39300
IOWA,19,NORTHEAST,30,CLAYTON,43,19043,193043,57800,3500
ILLINOIS,17,SOUTHEAST,90,SALINE,165,17165,1790165,57100,40200
INDIANA,18,CENTRAL,50,HAMILTON,57,18057,185057,57000,53400
LOUISIANA,22,NORTHEAST,30,RICHLAND,83,22083,223083,56600,75000
KANSAS,20,EAST CENTRAL,80,LYON,111,20111,2080111,84100,23900
TENNESSEE,47,WESTERN RIM,30,ROBERTSON,147,47147,4730147,58000,22400
MISSISSIPPI,28,LOWER DELTA,40,YAZOO,163,28163,2840163,56300,180000
WISCONSIN,55,SOUTH CENTRAL,80,JEFFERSON,55,55055,558055,56100,5000
LOUISIANA,22,NORTHEAST,30,FRANKLIN,41,22041,223041,55900,118000
ILLINOIS,17,WEST SOUTHWEST,60,JERSEY,83,17083,176083,55800,39200
KANSAS,20,SOUTHEAST,90,WILSON,205,20205,2090205,82300,31700
WISCONSIN,55,EAST CENTRAL,60,FOND DU LAC,39,55039,556039,55400,1800
INDIANA,18,SOUTH CENTRAL,80,WASHINGTON,175,18175,1880175,55400,10400
OKLAHOMA,40,NORTH CENTRAL,40,GARFIELD,47,40047,404047,56100,600
KENTUCKY,21,MIDWESTERN,20,TODD,219,21219,2120219,55300,47300
KANSAS,20,NORTHEAST,70,DONIPHAN,43,20043,207043,75400,19900
WISCONSIN,55,NORTH CENTRAL,20,MARATHON,73,55073,552073,55000,350
IOWA,19,SOUTHEAST,90,WAPELLO,179,19179,1990179,54900,42500
NORTH CAROLINA,37,CENTRAL COASTAL,80,JOHNSTON,101,37101,3780101,54800,36100
ILLINOIS,17,NORTHWEST,10,WINNEBAGO,201,17201,1710201,54800,24600
IOWA,19,EAST CENTRAL,60,JACKSON,97,19097,196097,54500,5700
MISSOURI,29,NORTHEAST,30,PIKE,163,29163,2930163,84900,49200
MISSOURI,29,CENTRAL,50,PETTIS,159,29159,2950159,102000,43900
MISSOURI,29,CENTRAL,50,COOPER,53,29053,295053,77200,36500
OKLAHOMA,40,NORTHEAST,70,OTHER (COMBINED) COUNTIES,,40000,4070,54100,900
MICHIGAN,26,SOUTH CENTRAL,80,ST JOSEPH,149,26149,2680149,54000,19950
WISCONSIN,55,NORTHWEST,10,BARRON,5,55005,55105,53800,350
MINNESOTA,27,SOUTHEAST,90,DAKOTA,37,27037,279037,53800,31000
INDIANA,18,NORTHWEST,10,LAKE,89,18089,181089,53400,31000
KENTUCKY,21,PURCHASE,10,FULTON,75,21075,211075,53200,53300
NORTH CAROLINA,37,SOUTHERN COASTAL,90,COLUMBUS,47,37047,379047,53100,32350
MISSOURI,29,EAST,60,LINCOLN,113,29113,2960113,84000,36000
NORTH CAROLINA,37,SOUTHERN COASTAL,90,DUPLIN,61,37061,379061,52900,35500
MISSOURI,29,NORTH CENTRAL,20,LIVINGSTON,117,29117,2920117,117500,78300
KANSAS,20,EAST CENTRAL,80,MORRIS,127,20127,2080127,57200,6200
IOWA,19,SOUTHEAST,90,DAVIS,51,19051,199051,52800,34500
MARYLAND,24,UPPER EASTERN SHORE,30,QUEEN ANNES,35,24035,243035,52500,36300
NORTH CAROLINA,37,NORTHERN COASTAL,70,PASQUOTANK,139,37139,3770139,52300,25150
MICHIGAN,26,SOUTH CENTRAL,80,JACKSON,75,26075,268075,52000,1890
NEBRASKA,31,EAST,60,NANCE,125,31125,3160125,51400,1500
IOWA,19,SOUTHEAST,90,VAN BUREN,177,19177,1990177,51400,33600
WISCONSIN,55,SOUTH CENTRAL,80,COLUMBIA,21,55021,558021,51300,2400
MISSOURI,29,WEST,40,JOHNSON,101,29101,2940101,80400,30900
WISCONSIN,55,CENTRAL,50,OTHER (COMBINED) COUNTIES,,55000,5550,51200,
MISSOURI,29,EAST,60,PERRY,157,29157,2960157,53000,20700
MICHIGAN,26,SOUTHWEST,70,CASS,27,26027,267027,51000,12500
MICHIGAN,26,SOUTHEAST,90,WASHTENAW,161,26161,2690161,51000,13200
IOWA,19,SOUTH CENTRAL,80,UNION,175,19175,1980175,50900,23000
MISSOURI,29,SOUTHEAST,90,CAPE GIRARDEAU,31,29031,299031,79000,46000
MISSOURI,29,EAST,60,MONTGOMERY,139,29139,2960139,85000,51400
KENTUCKY,21,PURCHASE,10,HICKMAN,105,21105,2110105,50400,42100
ILLINOIS,17,SOUTHEAST,90,WABASH,185,17185,1790185,50300,29600
MICHIGAN,26,SOUTHEAST,90,GENESEE,49,26049,269049,50000,12850
INDIANA,18,SOUTHWEST,70,GREENE,55,18055,187055,50000,24400
NEBRASKA,31,CENTRAL,50,HALL,79,31079,315079,50000,3700
SOUTH DAKOTA,46,CENTRAL,50,JERAULD,73,46073,465073,50000,
NORTH DAKOTA,38,NORTHWEST,10,MOUNTRAIL,61,38061,381061,49500,
NORTH DAKOTA,38,SOUTH CENTRAL,80,OTHER (COMBINED) COUNTIES,,38000,3880,49500,
KANSAS,20,NORTH CENTRAL,40,OSBORNE,141,20141,2040141,49800,450
KENTUCKY,21,MIDWESTERN,20,WEBSTER,233,21233,2120233,49300,39400
INDIANA,18,CENTRAL,50,JOHNSON,81,18081,185081,49200,29500
WISCONSIN,55,SOUTHWEST,70,IOWA,49,55049,557049,49100,1400
MISSOURI,29,WEST,40,OTHER (COMBINED) COUNTIES,,29000,2940,49100,
MARYLAND,24,UPPER EASTERN SHORE,30,CAROLINE,11,24011,243011,49000,46000
INDIANA,18,SOUTHWEST,70,DUBOIS,37,18037,187037,49000,11500
KENTUCKY,21,PURCHASE,10,CALLOWAY,35,21035,211035,48900,51400
KANSAS,20,EAST CENTRAL,80,OSAGE,139,20139,2080139,83700,38700
NORTH CAROLINA,37,NORTHERN COASTAL,70,EDGECOMBE,65,37065,377065,48600,18450
ILLINOIS,17,WEST SOUTHWEST,60,SCOTT,171,17171,1760171,48500,30200
KANSAS,20,NORTHEAST,70,ATCHISON,5,20005,20705,72300,26300
INDIANA,18,EAST CENTRAL,60,BLACKFORD,9,18009,18609,48000,29200
INDIANA,18,NORTH CENTRAL,20,ST. JOSEPH,141,18141,1820141,47900,31800
ILLINOIS,17,SOUTHEAST,90,EDWARDS,47,17047,179047,47800,32200
MISSOURI,29,SOUTH CENTRAL,80,OTHER (COMBINED) COUNTIES,,29000,2980,47800,
INDIANA,18,SOUTHWEST,70,WARRICK,173,18173,1870173,47500,22600
ILLINOIS,17,NORTHWEST,10,JO DAVIESS,85,17085,171085,47200,5000
ILLINOIS,17,NORTHWEST,10,CARROLL,15,17015,171015,47100,9600
ILLINOIS,17,SOUTHEAST,90,OTHER (COMBINED) COUNTIES,,17000,1790,47100,
LOUISIANA,22,NORTHEAST,30,WEST CARROLL,123,22123,2230123,47100,90000
MICHIGAN,26,SOUTHWEST,70,ALLEGAN,5,26005,26705,47000,700
KENTUCKY,21,PURCHASE,10,BALLARD,7,21007,21107,46900,43300
NEBRASKA,31,SOUTH,80,FURNAS,65,31065,318065,46600,100
MARYLAND,24,LOWER EASTERN SHORE,90,DORCHESTER,19,24019,249019,46500,47900
KANSAS,20,CENTRAL,50,BARTON,9,20009,20509,46600,1000
IOWA,19,SOUTH CENTRAL,80,APPANOOSE,7,19007,19807,46200,29500
ILLINOIS,17,NORTHEAST,20,BOONE,7,17007,17207,46100,27600
SOUTH CAROLINA,45,EASTERN,30,FLORENCE,41,45041,453041,46000,69400
MINNESOTA,27,CENTRAL,50,CARVER,19,27019,275019,45800,10300
KENTUCKY,21,MIDWESTERN,20,SIMPSON,213,21213,2120213,45800,38700
MARYLAND,24,UPPER EASTERN SHORE,30,KENT,29,24029,243029,45500,19300
ILLINOIS,17,NORTHWEST,10,ROCK ISLAND,161,17161,1710161,45500,20600
MISSISSIPPI,28,NORTHEAST,30,LEE,81,28081,283081,45300,79000
MISSOURI,29,NORTHEAST,30,SHELBY,205,29205,2930205,101000,79700
OHIO,39,SOUTHWEST,70,CLERMONT,25,39025,397025,45000,33700
SOUTH DAKOTA,46,CENTRAL,50,SULLY,119,46119,4650119,45000,
NORTH CAROLINA,37,NORTHERN COASTAL,70,PERQUIMANS,143,37143,3770143,44600,27300
OHIO,39,SOUTHWEST,70,MONTGOMERY,113,39113,3970113,44500,39500
KANSAS,20,SOUTH CENTRAL,60,PRATT,151,20151,2060151,44300,1700
KENTUCKY,21,CENTRAL,30,BRECKINRIDGE,27,21027,213027,44200,9200
MICHIGAN,26,SOUTHWEST,70,BERRIEN,21,26021,267021,44100,15600
ILLINOIS,17,SOUTHWEST,80,PULASKI,153,17153,1780153,44100,23800
KANSAS,20,NORTHEAST,70,POTTAWATOMIE,149,20149,2070149,48200,9700
INDIANA,18,CENTRAL,50,MORGAN,109,18109,1850109,44000,21100
OHIO,39,NORTH CENTRAL,20,RICHLAND,139,39139,3920139,44000,19900
OHIO,39,SOUTHWEST,70,WARREN,165,39165,3970165,44000,33500
WISCONSIN,55,WEST CENTRAL,40,PIERCE,93,55093,554093,43800,3000
WISCONSIN,55,EAST CENTRAL,60,OTHER (COMBINED) COUNTIES,,55000,5560,43400,
KANSAS,20,EAST CENTRAL,80,FRANKLIN,59,20059,208059,83800,39800
WISCONSIN,55,WEST CENTRAL,40,TREMPEALEAU,121,55121,5540121,43200,6400
WISCONSIN,55,EAST CENTRAL,60,WINNEBAGO,139,55139,5560139,43200,5500
NEBRASKA,31,CENTRAL,50,GREELEY,77,31077,315077,43100,300
NEBRASKA,31,NORTH,20,OTHER (COMBINED) COUNTIES,,31000,3120,43000,
KENTUCKY,21,CENTRAL,30,HARDIN,93,21093,213093,42900,7400
MISSOURI,29,NORTHWEST,10,GENTRY,75,29075,291075,71200,41600
KANSAS,20,EAST CENTRAL,80,COFFEY,31,20031,208031,86900,46100
OHIO,39,NORTHEAST,30,WAYNE,169,39169,3930169,42500,10600
VIRGINIA,51,SOUTHEASTERN,90,OTHER (COMBINED) COUNTIES,,51000,5190,42300,200
KANSAS,20,SOUTHEAST,90,ALLEN,1,20001,20901,82800,37100
MINNESOTA,27,SOUTHEAST,90,WABASHA,157,27157,2790157,42100,11500
NORTH CAROLINA,37,SOUTHERN COASTAL,90,OTHER (COMBINED) COUNTIES,,37000,3790,42000,
PENNSYLVANIA,42,SOUTH CENTRAL,80,YORK,133,42133,4280133,42000,
MARYLAND,24,NORTH CENTRAL,20,FREDERICK,21,24021,242021,41800,400
TEXAS,48,BLACKLANDS,40,OTHER (COMBINED) COUNTIES,,48000,4840,42300,900
WISCONSIN,55,NORTH CENTRAL,20,CLARK,19,55019,552019,41300,550
MISSOURI,29,NORTHWEST,10,ANDREW,3,29003,29103,69500,48400
INDIANA,18,SOUTHEAST,90,FRANKLIN,47,18047,189047,41000,12800
MICHIGAN,26,SOUTHEAST,90,LAPEER,87,26087,269087,41000,1310
NORTH CAROLINA,37,CENTRAL COASTAL,80,OTHER (COMBINED) COUNTIES,,37000,3780,41000,
IOWA,19,NORTHEAST,30,DUBUQUE,61,19061,193061,40600,2300
INDIANA,18,NORTH CENTRAL,20,ELKHART,39,18039,182039,40600,29200
ARKANSAS,5,SOUTHEAST,90,DREW,43,5043,59043,40400,43000
KANSAS,20,NORTHEAST,70,RILEY,161,20161,2070161,42100,5000
OHIO,39,SOUTHWEST,70,BUTLER,17,39017,397017,40000,27200
KENTUCKY,21,MIDWESTERN,20,OHIO,183,21183,2120183,40000,20300
MARYLAND,24,UPPER EASTERN SHORE,30,TALBOT,41,24041,243041,40000,38500
ALABAMA,1,NORTHERN VALLEY,10,MADISON,89,1089,11089,39800,59000
KANSAS,20,NORTHEAST,70,JACKSON,85,20085,207085,50800,10400
MISSOURI,29,EAST,60,FRANKLIN,71,29071,296071,43100,7900
NORTH CAROLINA,37,NORTHERN COASTAL,70,WASHINGTON,187,37187,3770187,39700,29700
MISSISSIPPI,28,EAST CENTRAL,60,MONROE,95,28095,286095,39600,70000
ARKANSAS,5,NORTHEAST,30,RANDOLPH,121,5121,530121,39600,49000
KANSAS,20,SOUTHWEST,30,OTHER (COMBINED) COUNTIES,,20000,2030,39500,
MINNESOTA,27,CENTRAL,50,MORRISON,97,27097,275097,39300,1400
MISSOURI,29,WEST,40,CASS,37,29037,294037,69400,33300
INDIANA,18,SOUTHEAST,90,JEFFERSON,77,18077,189077,39100,14300
INDIANA,18,EAST CENTRAL,60,FAYETTE,41,18041,186041,39000,12700
KANSAS,20,NORTHEAST,70,OTHER (COMBINED) COUNTIES,,20000,2070,39000,
INDIANA,18,NORTHWEST,10,STARKE,149,18149,1810149,39000,29100
OKLAHOMA,40,NORTH CENTRAL,40,NOBLE,103,40103,4040103,38900,900
MISSOURI,29,NORTHWEST,10,RAY,177,29177,2910177,82600,59200
WISCONSIN,55,SOUTHEAST,90,RACINE,101,55101,5590101,38700,20700
INDIANA,18,NORTHEAST,30,STEUBEN,151,18151,1830151,38400,14600
KENTUCKY,21,CENTRAL,30,WARREN,227,21227,2130227,38000,19500
WISCONSIN,55,NORTHWEST,10,POLK,95,55095,551095,37800,1400
NORTH CAROLINA,37,CENTRAL COASTAL,80,LENOIR,107,37107,3780107,37700,16000
MISSOURI,29,NORTH CENTRAL,20,LINN,115,29115,2920115,77300,52700
IOWA,19,SOUTH CENTRAL,80,LUCAS,117,19117,1980117,37500,19600
KENTUCKY,21,MIDWESTERN,20,CALDWELL,33,21033,212033,37000,20800
ALABAMA,1,NORTHERN VALLEY,10,LAWRENCE,79,1079,11079,37000,40000
ILLINOIS,17,WEST,30,BROWN,9,17009,17309,36700,29600
MARYLAND,24,LOWER EASTERN SHORE,90,WORCESTER,47,24047,249047,36500,26500
WISCONSIN,55,SOUTHWEST,70,SAUK,111,55111,5570111,36400,1800
KANSAS,20,SOUTHEAST,90,LABETTE,99,20099,209099,78700,38800
TENNESSEE,47,WEST TENNESSEE,20,GIBSON,53,47053,472053,123000,122300
SOUTH CAROLINA,45,EASTERN,30,HORRY,51,45051,453051,36200,39200
MINNESOTA,27,CENTRAL,50,BENTON,9,27009,27509,36100,3000
INDIANA,18,SOUTH CENTRAL,80,HARRISON,61,18061,188061,36000,14300
VIRGINIA,51,CENTRAL,50,OTHER (COMBINED) COUNTIES,,51000,5150,36000,200
LOUISIANA,22,CENTRAL,50,RAPIDES,79,22079,225079,35900,55000
MICHIGAN,26,SOUTH CENTRAL,80,BARRY,15,26015,268015,35800,960
MISSOURI,29,NORTHWEST,10,CLINTON,49,29049,291049,58200,24900
INDIANA,18,WEST CENTRAL,40,VERMILLION,165,18165,1840165,35800,27200
NORTH CAROLINA,37,CENTRAL COASTAL,80,HYDE,95,37095,378095,35500,29600
NORTH CAROLINA,37,NORTHERN COASTAL,70,HALIFAX,83,37083,377083,35400,22250
MINNESOTA,27,EAST CENTRAL,60,OTHER (COMBINED) COUNTIES,,27000,2760,35300,
ILLINOIS,17,SOUTHWEST,80,UNION,181,17181,1780181,35300,29300
SOUTH CAROLINA,45,EASTERN,30,DARLINGTON,31,45031,453031,35200,88700
PENNSYLVANIA,42,SOUTHEASTERN,90,LANCASTER,71,42071,429071,35200,
ARKANSAS,5,WEST CENTRAL,40,OTHER (COMBINED) COUNTIES,,5000,540,35200,100
KANSAS,20,SOUTH CENTRAL,60,KINGMAN,95,20095,206095,35400,770
OHIO,39,NORTHEAST,30,ASHTABULA,7,39007,39307,35000,2900
NORTH CAROLINA,37,NORTHERN COASTAL,70,BERTIE,15,37015,377015,35000,13700
MISSISSIPPI,28,EAST CENTRAL,60,CHICKASAW,17,28017,286017,35000,58000
KANSAS,20,EAST CENTRAL,80,SHAWNEE,177,20177,2080177,43300,6500
MISSOURI,29,WEST,40,VERNON,217,29217,2940217,92400,54100
IOWA,19,NORTHEAST,30,ALLAMAKEE,5,19005,19305,34700,3100
INDIANA,18,SOUTHEAST,90,CLARK,19,18019,189019,34700,18300
NEBRASKA,31,CENTRAL,50,SHERMAN,163,31163,3150163,34500,900
KANSAS,20,EAST CENTRAL,80,MIAMI,121,20121,2080121,54700,35400
ILLINOIS,17,SOUTHWEST,80,ALEXANDER,3,17003,17803,34400,35400
WISCONSIN,55,EAST CENTRAL,60,SHEBOYGAN,117,55117,5560117,34400,50
VIRGINIA,51,EASTERN,60,ACCOMACK,1,51001,51601,34300,38000
WISCONSIN,55,SOUTHWEST,70,VERNON,123,55123,5570123,34200,300
OHIO,39,NORTHEAST,30,MEDINA,103,39103,3930103,34100,11600
ILLINOIS,17,SOUTHWEST,80,WILLIAMSON,199,17199,1780199,33900,17200
WISCONSIN,55,WEST CENTRAL,40,OTHER (COMBINED) COUNTIES,,55000,5540,33500,
SOUTH CAROLINA,45,EASTERN,30,DILLON,33,45033,453033,33400,46600
NORTH CAROLINA,37,CENTRAL COASTAL,80,WILSON,195,37195,3780195,33400,12050
WISCONSIN,55,WEST CENTRAL,40,BUFFALO,11,55011,554011,33300,2700
KANSAS,20,NORTHEAST,70,JEFFERSON,87,20087,207087,51700,17200
MARYLAND,24,NORTH CENTRAL,20,OTHER (COMBINED) COUNTIES,,24000,2420,33200,
TENNESSEE,47,WEST TENNESSEE,20,WEAKLEY,183,47183,4720183,96000,79500
MINNESOTA,27,SOUTHEAST,90,WINONA,169,27169,2790169,33200,5000
MISSISSIPPI,28,NORTH CENTRAL,20,DE SOTO,33,28033,282033,33100,55000
NORTH CAROLINA,37,NORTHERN COASTAL,70,NORTHAMPTON,131,37131,3770131,33100,20600
SOUTH DAKOTA,46,CENTRAL,50,HUGHES,65,46065,465065,33000,
INDIANA,18,NORTHEAST,30,LAGRANGE,87,18087,183087,33000,8100
SOUTH CAROLINA,45,EASTERN,30,WILLIAMSBURG,89,45089,453089,32800,49500
ARKANSAS,5,NORTHEAST,30,INDEPENDENCE,63,5063,53063,32700,61000
KANSAS,20,SOUTH CENTRAL,60,EDWARDS,47,20047,206047,32800,3000
MINNESOTA,27,CENTRAL,50,OTHER (COMBINED) COUNTIES,,27000,2750,32600,
NORTH CAROLINA,37,NORTHERN COASTAL,70,TYRRELL,177,37177,3770177,32600,16200
KENTUCKY,21,BLUEGRASS,50,SHELBY,211,21211,2150211,32400,3500
TEXAS,48,UPPER COAST,90,OTHER (COMBINED) COUNTIES,,48000,4890,33500,900
NORTH CAROLINA,37,CENTRAL COASTAL,80,GREENE,79,37079,378079,32200,5000
MINNESOTA,27,SOUTHEAST,90,HOUSTON,55,27055,279055,32100,2200
MINNESOTA,27,CENTRAL,50,SCOTT,139,27139,2750139,32100,16500
MINNESOTA,27,EAST CENTRAL,60,ISANTI,59,27059,276059,32000,6000
KENTUCKY,21,CENTRAL,30,LARUE,123,21123,2130123,32000,2200
INDIANA,18,EAST CENTRAL,60,UNION,161,18161,1860161,32000,11900
MICHIGAN,26,SOUTHWEST,70,KALAMAZOO,77,26077,267077,31900,6000
WISCONSIN,55,NORTHEAST,30,SHAWANO,115,55115,5530115,31800,100
SOUTH DAKOTA,46,NORTHWEST,10,OTHER (COMBINED) COUNTIES,,46000,4610,31700,500
MISSOURI,29,SOUTHWEST,70,BARTON,11,29011,297011,92000,82400
PENNSYLVANIA,42,CENTRAL,50,OTHER (COMBINED) COUNTIES,,42000,4250,31200,
KANSAS,20,SOUTHEAST,90,NEOSHO,133,20133,2090133,64300,42000
WISCONSIN,55,WEST CENTRAL,40,JACKSON,53,55053,554053,31000,1300
OHIO,39,NORTHWEST,10,LUCAS,95,39095,391095,31000,31700
MICHIGAN,26,CENTRAL,50,MONTCALM,117,26117,2650117,30500,2220
WISCONSIN,55,EAST CENTRAL,60,MANITOWOC,71,55071,556071,30300,300
NORTH CAROLINA,37,NORTHERN COASTAL,70,NASH,127,37127,3770127,30200,18650
NEBRASKA,31,EAST,60,SARPY,153,31153,3160153,30200,21900
WISCONSIN,55,NORTH CENTRAL,20,TAYLOR,119,55119,5520119,30200,100
INDIANA,18,SOUTHWEST,70,VANDERBURGH,163,18163,1870163,30200,27300
KANSAS,20,EAST CENTRAL,80,ANDERSON,3,20003,20803,84400,39100
OHIO,39,SOUTH CENTRAL,80,ADAMS,1,39001,39801,30000,5800
NORTH CAROLINA,37,SOUTHERN PIEDMONT,60,OTHER (COMBINED) COUNTIES,,37000,3760,30000,
WISCONSIN,55,CENTRAL,50,WAUPACA,135,55135,5550135,30000,150
WISCONSIN,55,EAST CENTRAL,60,CALUMET,15,55015,556015,29900,1400
MISSOURI,29,NORTHEAST,30,LEWIS,111,29111,2930111,77700,55400
ARKANSAS,5,NORTHEAST,30,WHITE,145,5145,530145,29700,141000
INDIANA,18,SOUTH CENTRAL,80,LAWRENCE,93,18093,188093,29500,5200
KANSAS,20,SOUTHWEST,30,MEADE,119,20119,2030119,29700,50
KANSAS,20,EAST CENTRAL,80,WABAUNSEE,197,20197,2080197,33700,3600
KENTUCKY,21,PURCHASE,10,LIVINGSTON,139,21139,2110139,29200,19900
IOWA,19,SOUTH CENTRAL,80,MONROE,135,19135,1980135,29100,19400
GEORGIA,13,CENTRAL,50,OTHER (COMBINED) COUNTIES,,13000,1350,29100,70
MINNESOTA,27,EAST CENTRAL,60,CHISAGO,25,27025,276025,29000,6500
MISSISSIPPI,28,NORTH CENTRAL,20,PANOLA,107,28107,2820107,29000,124000
NORTH CAROLINA,37,NORTHERN COASTAL,70,CAMDEN,29,37029,377029,28800,21650
NORTH CAROLINA,37,SOUTHERN COASTAL,90,HARNETT,85,37085,379085,28800,28500
MISSOURI,29,NORTHWEST,10,PLATTE,165,29165,2910165,53300,26800
ALABAMA,1,MOUNTAINS & EASTERN VALLEY,20,JACKSON,71,1071,12071,28500,52000
KENTUCKY,21,BLUEGRASS,50,OTHER (COMBINED) COUNTIES,,21000,2150,28400,1100
WISCONSIN,55,WEST CENTRAL,40,EAU CLAIRE,35,55035,554035,28300,1700
MICHIGAN,26,CENTRAL,50,MIDLAND,111,26111,2650111,28300,10050
OHIO,39,NORTHEAST,30,STARK,151,39151,3930151,28100,5200
MARYLAND,24,NORTH CENTRAL,20,CARROLL,13,24013,242013,28000,2200
NEW YORK,36,CENTRAL,50,CAYUGA,11,36011,365011,28000,
KENTUCKY,21,CENTRAL,30,BARREN,9,21009,21309,27600,2500
OHIO,39,NORTHEAST,30,TRUMBULL,155,39155,3930155,27500,3300
ALABAMA,1,NORTHERN VALLEY,10,COLBERT,33,1033,11033,27400,16000
KENTUCKY,21,CENTRAL,30,GRAYSON,85,21085,213085,27400,5700
KENTUCKY,21,CENTRAL,30,BUTLER,31,21031,213031,27200,14500
MISSISSIPPI,28,NORTHEAST,30,PONTOTOC,115,28115,2830115,27200,50000
SOUTH CAROLINA,45,CENTRAL,50,CLARENDON,27,45027,455027,27000,56800
OHIO,39,CENTRAL,50,FRANKLIN,49,39049,395049,27000,46400
ILLINOIS,17,NORTHWEST,10,PUTNAM,155,17155,1710155,27000,17600
KENTUCKY,21,MIDWESTERN,20,CRITTENDEN,55,21055,212055,26900,19900
WISCONSIN,55,WEST CENTRAL,40,MONROE,81,55081,554081,26800,1200
MISSISSIPPI,28,NORTH CENTRAL,20,MARSHALL,93,28093,282093,26600,30000
PENNSYLVANIA,42,CENTRAL,50,NORTHUMBERLAND,97,42097,425097,26600,
INDIANA,18,WEST CENTRAL,40,OWEN,119,18119,1840119,26600,15100
TENNESSEE,47,WEST TENNESSEE,20,HENDERSON,77,47077,472077,36000,26000
KENTUCKY,21,CENTRAL,30,NELSON,179,21179,2130179,26500,3300
INDIANA,18,SOUTH CENTRAL,80,ORANGE,117,18117,1880117,26500,3900
MISSOURI,29,SOUTHEAST,90,MISSISSIPPI,133,29133,2990133,175500,179000
WISCONSIN,55,NORTHEAST,30,OCONTO,83,55083,553083,26000,150
KENTUCKY,21,PURCHASE,10,MARSHALL,157,21157,2110157,25800,23200
SOUTH CAROLINA,45,CENTRAL,50,SUMTER,85,45085,455085,25800,49800
PENNSYLVANIA,42,SOUTHEASTERN,90,BERKS,11,42011,429011,25600,
WISCONSIN,55,SOUTHEAST,90,KENOSHA,59,55059,559059,25600,13900
PENNSYLVANIA,42,SOUTH CENTRAL,80,ADAMS,1,42001,42801,25500,
MISSOURI,29,SOUTHWEST,70,JASPER,97,29097,297097,52900,43200
MICHIGAN,26,SOUTHWEST,70,OTTAWA,139,26139,2670139,25500,60
KENTUCKY,21,PURCHASE,10,TRIGG,221,21221,2110221,25500,11500
MISSOURI,29,NORTHWEST,10,CALDWELL,25,29025,291025,57000,33600
SOUTH CAROLINA,45,CENTRAL,50,LEE,61,45061,455061,25400,59600
MICHIGAN,26,NORTHEAST,30,OTHER (COMBINED) COUNTIES,,26000,2630,25400,
ALABAMA,1,NORTHERN VALLEY,10,LAUDERDALE,77,1077,11077,25200,50000
NEBRASKA,31,NORTH,20,BOYD,15,31015,312015,25100,200
MISSOURI,29,NORTHEAST,30,KNOX,103,29103,2930103,80000,67900
NEW JERSEY,34,SOUTH,80,SALEM,33,34033,348033,25000,24300
MISSOURI,29,CENTRAL,50,MONITEAU,135,29135,2950135,31300,10000
OHIO,39,NORTHEAST,30,COLUMBIANA,29,39029,393029,24600,300
MISSOURI,29,SOUTHWEST,70,DADE,57,29057,297057,33900,24100
MISSISSIPPI,28,CENTRAL,50,HOLMES,51,28051,285051,24500,59600
OKLAHOMA,40,CENTRAL,50,OTHER (COMBINED) COUNTIES,,40000,4050,24500,900
OKLAHOMA,40,SOUTHEAST,90,OTHER (COMBINED) COUNTIES,,40000,4090,24500,900
MISSOURI,29,NORTHWEST,10,DAVIESS,61,29061,291061,85300,65800
LOUISIANA,22,CENTRAL,50,EVANGELINE,39,22039,225039,24100,83000
NORTH CAROLINA,37,NORTHERN COASTAL,70,GATES,73,37073,377073,24100,8900
KANSAS,20,SOUTH CENTRAL,60,HARPER,77,20077,206077,24300,60
NORTH CAROLINA,37,CENTRAL COASTAL,80,CRAVEN,49,37049,378049,24000,20200
MICHIGAN,26,SOUTHEAST,90,MACOMB,99,26099,269099,24000,7400
KENTUCKY,21,CENTRAL,30,MEADE,163,21163,2130163,24000,4900
MISSISSIPPI,28,NORTHEAST,30,UNION,145,28145,2830145,23800,47500
LOUISIANA,22,WEST CENTRAL,40,NATCHITOCHES,69,22069,224069,23700,26300
NORTH CAROLINA,37,CENTRAL PIEDMONT,50,OTHER (COMBINED) COUNTIES,,37000,3750,23700,
MISSISSIPPI,28,NORTH CENTRAL,20,CALHOUN,13,28013,282013,23600,59000
NEBRASKA,31,EAST,60,DOUGLAS,55,31055,316055,23400,16400
WISCONSIN,55,SOUTHEAST,90,WASHINGTON,131,55131,5590131,23400,500
MISSOURI,29,EAST,60,STE GENEVIEVE,186,29186,2960186,23300,
PENNSYLVANIA,42,SOUTH CENTRAL,80,FRANKLIN,55,42055,428055,23200,
KENTUCKY,21,CENTRAL,30,OTHER (COMBINED) COUNTIES,,21000,2130,23200,1100
MISSOURI,29,NORTHEAST,30,MARION,127,29127,2930127,62800,53300
MISSOURI,29,NORTHEAST,30,MONROE,137,29137,2930137,92200,79000
MINNESOTA,27,NORTHWEST,10,CLEARWATER,29,27029,271029,23000,
VIRGINIA,51,SOUTHEASTERN,90,SOUTHAMPTON,175,51175,5190175,22900,14400
WISCONSIN,55,SOUTHWEST,70,CRAWFORD,23,55023,557023,22800,1700
NORTH CAROLINA,37,NORTHERN COASTAL,70,MARTIN,117,37117,3770117,22700,16650
VIRGINIA,51,EASTERN,60,OTHER (COMBINED) COUNTIES,,51000,5160,22700,200
KANSAS,20,SOUTH CENTRAL,60,PAWNEE,145,20145,2060145,23000,2500
ILLINOIS,17,SOUTHWEST,80,JOHNSON,87,17087,178087,22600,10100
KANSAS,20,SOUTHWEST,30,SEWARD,175,20175,2030175,22600,
OKLAHOMA,40,NORTH CENTRAL,40,ALFALFA,3,40003,40403,22500,
PENNSYLVANIA,42,NORTHWESTERN,10,MERCER,85,42085,421085,22500,
KANSAS,20,NORTH CENTRAL,40,ROOKS,163,20163,2040163,22500,60
LOUISIANA,22,SOUTHWEST,70,ACADIA,1,22001,22701,22400,137000
MICHIGAN,26,EAST CENTRAL,60,ARENAC,11,26011,266011,22400,1800
NEW YORK,36,WESTERN,40,ORLEANS,73,36073,364073,22400,
SOUTH CAROLINA,45,EASTERN,30,MARLBORO,69,45069,453069,22100,43100
MARYLAND,24,LOWER EASTERN SHORE,90,WICOMICO,45,24045,249045,22000,29500
MISSOURI,29,WEST,40,HENRY,83,29083,294083,70000,35500
KANSAS,20,EAST CENTRAL,80,CHASE,17,20017,208017,27700,6500
VIRGINIA,51,CENTRAL,50,CAROLINE,33,51033,515033,21700,12900
MISSISSIPPI,28,NORTHEAST,30,PRENTISS,117,28117,2830117,21600,60000
NEW JERSEY,34,CENTRAL,50,BURLINGTON,5,34005,34505,21500,27200
ILLINOIS,17,WEST SOUTHWEST,60,CALHOUN,13,17013,176013,21500,7000
VIRGINIA,51,SOUTHEASTERN,90,CHESAPEAKE CITY,550,51550,5190550,21500,16700
OHIO,39,NORTHEAST,30,PORTAGE,133,39133,3930133,21500,4800
TENNESSEE,47,WESTERN RIM,30,OTHER (COMBINED) COUNTIES,,47000,4730,23200,
MISSOURI,29,EAST,60,ST CHARLES,183,29183,2960183,65000,56900
MISSOURI,29,NORTHWEST,10,BUCHANAN,21,29021,291021,62000,44300
WISCONSIN,55,SOUTHEAST,90,WAUKESHA,133,55133,5590133,21200,4000
KANSAS,20,SOUTHEAST,90,GREENWOOD,73,20073,209073,33000,9700
INDIANA,18,SOUTH CENTRAL,80,OTHER (COMBINED) COUNTIES,,18000,1880,21000,
TENNESSEE,47,WEST TENNESSEE,20,HENRY,79,47079,472079,51000,39800
INDIANA,18,SOUTHEAST,90,SCOTT,143,18143,1890143,20800,9400
KENTUCKY,21,EASTERN OR MOUNTAIN,60,PULASKI,199,21199,2160199,20700,1100
WISCONSIN,55,CENTRAL,50,WOOD,141,55141,5550141,20700,350
OHIO,39,EAST CENTRAL,60,COSHOCTON,31,39031,396031,20600,1200
VIRGINIA,51,EASTERN,60,NORTHAMPTON,131,51131,5160131,20600,19400
KENTUCKY,21,EASTERN OR MOUNTAIN,60,OTHER (COMBINED) COUNTIES,,21000,2160,20500,1100
NEW YORK,36,WESTERN,40,SENECA,99,36099,364099,20400,
MINNESOTA,27,EAST CENTRAL,60,MILLE LACS,95,27095,276095,20300,1500
VIRGINIA,51,EASTERN,60,ESSEX,57,51057,516057,20100,13900
MARYLAND,24,UPPER EASTERN SHORE,30,CECIL,15,24015,243015,20000,9700
MICHIGAN,26,SOUTHEAST,90,LIVINGSTON,93,26093,269093,20000,460
NORTH CAROLINA,37,SOUTHERN COASTAL,90,CUMBERLAND,51,37051,379051,19900,31350
KENTUCKY,21,CENTRAL,30,MARION,155,21155,2130155,19900,3100
PENNSYLVANIA,42,NORTHWESTERN,10,CRAWFORD,39,42039,421039,19800,
TENNESSEE,47,WESTERN RIM,30,MONTGOMERY,125,47125,4730125,24000,15200
OHIO,39,SOUTHEAST,90,PERRY,127,39127,3990127,19700,4400
TENNESSEE,47,EAST TENNESSEE,60,OTHER (COMBINED) COUNTIES,,47000,4760,22500,
NORTH CAROLINA,37,SOUTHERN PIEDMONT,60,STANLY,167,37167,3760167,19600,20200
VIRGINIA,51,SOUTHEASTERN,90,SUFFOLK CITY,800,51800,5190800,19600,13600
PENNSYLVANIA,42,SOUTH CENTRAL,80,CUMBERLAND,41,42041,428041,19500,
ARKANSAS,5,CENTRAL,50,PULASKI,119,5119,550119,19500,51500
MISSOURI,29,NORTH CENTRAL,20,RANDOLPH,175,29175,2920175,53900,42400
WISCONSIN,55,CENTRAL,50,PORTAGE,97,55097,555097,19400,950
TEXAS,48,UPPER COAST,90,WHARTON,481,48481,4890481,19800,37200
ARKANSAS,5,CENTRAL,50,CONWAY,29,5029,55029,19200,26000
NEW YORK,36,WESTERN,40,WAYNE,117,36117,3640117,19100,
KANSAS,20,SOUTHEAST,90,WOODSON,207,20207,2090207,37500,25200
MISSISSIPPI,28,NORTH CENTRAL,20,TATE,137,28137,2820137,19000,48000
NORTH CAROLINA,37,NORTHERN MOUNTAIN,10,YADKIN,197,37197,3710197,19000,8650
MISSISSIPPI,28,SOUTHWEST,70,OTHER (COMBINED) COUNTIES,,28000,2870,18900,
NORTH CAROLINA,37,SOUTHERN COASTAL,90,BLADEN,17,37017,379017,18500,18550
WISCONSIN,55,SOUTHWEST,70,RICHLAND,103,55103,5570103,18300,1000
TENNESSEE,47,CENTRAL BASIN,40,SUMNER,165,47165,4740165,19500,8000
NORTH CAROLINA,37,NORTHERN COASTAL,70,CURRITUCK,53,37053,377053,18100,17550
NEW YORK,36,WESTERN,40,LIVINGSTON,51,36051,364051,18100,
NORTH CAROLINA,37,CENTRAL COASTAL,80,PAMLICO,137,37137,3780137,18100,17400
MARYLAND,24,SOUTHERN,80,OTHER (COMBINED) COUNTIES,,24000,2480,18000,
MARYLAND,24,LOWER EASTERN SHORE,90,SOMERSET,39,24039,249039,18000,17100
VIRGINIA,51,EASTERN,60,WESTMORELAND,193,51193,5160193,18000,15400
NORTH CAROLINA,37,NORTHERN COASTAL,70,OTHER (COMBINED) COUNTIES,,37000,3770,17900,
NORTH CAROLINA,37,CENTRAL PIEDMONT,50,ROWAN,159,37159,3750159,17900,16000
NEW YORK,36,WESTERN,40,NIAGARA,63,36063,364063,17600,
TENNESSEE,47,WEST TENNESSEE,20,HARDIN,71,47071,472071,31500,41300
PENNSYLVANIA,42,WEST CENTRAL,40,INDIANA,63,42063,424063,17500,
NORTH CAROLINA,37,NORTHERN PIEDMONT,40,FRANKLIN,69,37069,374069,17400,26500
MISSISSIPPI,28,SOUTHWEST,70,WARREN,149,28149,2870149,17400,32000
VIRGINIA,51,SOUTHEASTERN,90,ISLE OF WIGHT,93,51093,519093,17300,10000
TENNESSEE,47,DELTA,10,OBION,131,47131,4710131,113000,127800
KENTUCKY,21,CENTRAL,30,TAYLOR,217,21217,2130217,17200,2200
SOUTH CAROLINA,45,EASTERN,30,CHESTERFIELD,25,45025,453025,17100,42900
KENTUCKY,21,MIDWESTERN,20,HANCOCK,91,21091,212091,17100,14600
TENNESSEE,47,WESTERN RIM,30,LAWRENCE,99,47099,473099,26500,43000
NEW YORK,36,WESTERN,40,ONTARIO,69,36069,364069,17100,
TENNESSEE,47,CUMBERLAND PLATEAU,50,COFFEE,31,47031,475031,33500,20200
OHIO,39,SOUTHEAST,90,MUSKINGUM,119,39119,3990119,17000,2300
MISSOURI,29,NORTHEAST,30,RALLS,173,29173,2930173,73800,64500
VIRGINIA,51,EASTERN,60,KING AND QUEEN,97,51097,516097,16700,12200
NORTH CAROLINA,37,SOUTHERN PIEDMONT,60,CLEVELAND,45,37045,376045,16600,23000
VIRGINIA,51,EASTERN,60,KING WILLIAM,101,51101,5160101,16600,13500
ILLINOIS,17,NORTHEAST,20,OTHER (COMBINED) COUNTIES,,17000,1720,16600,
LOUISIANA,22,NORTH CENTRAL,20,OUACHITA,73,22073,222073,16500,21000
NEW YORK,36,WESTERN,40,GENESEE,37,36037,364037,16400,
PENNSYLVANIA,42,EAST CENTRAL,60,LEHIGH,77,42077,426077,16400,
SOUTH CAROLINA,45,CENTRAL,50,ORANGEBURG,75,45075,455075,16400,103800
PENNSYLVANIA,42,SOUTHEASTERN,90,LEBANON,75,42075,429075,16300,
SOUTH CAROLINA,45,EASTERN,30,MARION,67,45067,453067,16300,32600
KANSAS,20,EAST CENTRAL,80,DOUGLAS,45,20045,208045,39200,12700
LOUISIANA,22,SOUTH CENTRAL,80,IBERVILLE,47,22047,228047,16100,10000
OHIO,39,NORTHEAST,30,MAHONING,99,39099,393099,16100,700
MISSOURI,29,EAST,60,WARREN,219,29219,2960219,30700,18500
LOUISIANA,22,SOUTHEAST,90,OTHER (COMBINED) COUNTIES,,22000,2290,15800,
OHIO,39,SOUTH CENTRAL,80,SCIOTO,145,39145,3980145,15800,9800
MINNESOTA,27,EAST CENTRAL,60,HENNEPIN,53,27053,276053,15700,4800
ILLINOIS,17,SOUTHEAST,90,POPE,151,17151,1790151,15700,8700
PENNSYLVANIA,42,EAST CENTRAL,60,NORTHAMPTON,95,42095,426095,15600,
VIRGINIA,51,EASTERN,60,NORTHUMBERLAND,133,51133,5160133,15600,17400
VIRGINIA,51,SOUTHEASTERN,90,SURRY,181,51181,5190181,15600,7700
MISSOURI,29,SOUTHEAST,90,PEMISCOT,155,29155,2990155,171000,193000
OHIO,39,EAST CENTRAL,60,TUSCARAWAS,157,39157,3960157,15500,3900
KANSAS,20,SOUTHWEST,30,GRAY,69,20069,203069,15800,1900
OHIO,39,EAST CENTRAL,60,HOLMES,75,39075,396075,15400,300
WISCONSIN,55,CENTRAL,50,WAUSHARA,137,55137,5550137,15400,750
PENNSYLVANIA,42,EAST CENTRAL,60,OTHER (COMBINED) COUNTIES,,42000,4260,15300,
VIRGINIA,51,EASTERN,60,RICHMOND,159,51159,5160159,15200,10600
MARYLAND,24,SOUTHERN,80,ST MARYS,37,24037,248037,15200,10000
KENTUCKY,21,BLUEGRASS,50,FLEMING,69,21069,215069,15100,600
MISSISSIPPI,28,NORTH CENTRAL,20,BENTON,9,28009,28209,15000,25000
NEBRASKA,31,NORTH,20,BROWN,17,31017,312017,15000,
WISCONSIN,55,EAST CENTRAL,60,KEWAUNEE,61,55061,556061,15000,100
MISSISSIPPI,28,EAST CENTRAL,60,NOXUBEE,103,28103,2860103,15000,63400
NORTH CAROLINA,37,NORTHERN COASTAL,70,CHOWAN,41,37041,377041,14900,10400
OKLAHOMA,40,SOUTHWEST,30,OTHER (COMBINED) COUNTIES,,40000,4030,15200,900
WISCONSIN,55,NORTHWEST,10,RUSK,107,55107,5510107,14800,150
MISSISSIPPI,28,NORTHEAST,30,ALCORN,3,28003,28303,14700,44000
KANSAS,20,EAST CENTRAL,80,GEARY,61,20061,208061,17000,1700
MINNESOTA,27,EAST CENTRAL,60,WASHINGTON,163,27163,2760163,14700,8800
TENNESSEE,47,CENTRAL BASIN,40,MAURY,119,47119,4740119,16000,10400
VIRGINIA,51,SOUTHEASTERN,90,DINWIDDIE,53,51053,519053,14300,10700
MISSOURI,29,WEST,40,JACKSON,95,29095,294095,35200,16500
MARYLAND,24,NORTH CENTRAL,20,BALTIMORE,5,24005,24205,14200,2100
TENNESSEE,47,CENTRAL BASIN,40,GILES,55,47055,474055,15500,9600
KENTUCKY,21,CENTRAL,30,HART,99,21099,213099,14100,400
PENNSYLVANIA,42,NORTHWESTERN,10,ERIE,49,42049,421049,14000,
LOUISIANA,22,CENTRAL,50,OTHER (COMBINED) COUNTIES,,22000,2250,14000,
OHIO,39,SOUTH CENTRAL,80,PIKE,131,39131,3980131,14000,7800
KENTUCKY,21,CENTRAL,30,GREEN,87,21087,213087,13900,800
MARYLAND,24,NORTH CENTRAL,20,HARFORD,25,24025,242025,13800,2500
NEW YORK,36,WESTERN,40,MONROE,55,36055,364055,13500,
TENNESSEE,47,CENTRAL BASIN,40,BEDFORD,3,47003,47403,16000,12100
PENNSYLVANIA,42,SOUTHEASTERN,90,CHESTER,29,42029,429029,13300,
KANSAS,20,SOUTHWEST,30,HASKELL,81,20081,203081,14400,100
MISSISSIPPI,28,NORTHEAST,30,OTHER (COMBINED) COUNTIES,,28000,2830,13200,
NORTH CAROLINA,37,NORTHERN PIEDMONT,40,PERSON,145,37145,3740145,13100,800
TENNESSEE,47,CENTRAL BASIN,40,LINCOLN,103,47103,4740103,22500,25300
KANSAS,20,WEST CENTRAL,20,OTHER (COMBINED) COUNTIES,,20000,2020,13000,
KENTUCKY,21,CENTRAL,30,EDMONSON,61,21061,213061,12900,2200
NORTH CAROLINA,37,SOUTHERN COASTAL,90,SCOTLAND,165,37165,3790165,12800,12550
NORTH CAROLINA,37,CENTRAL PIEDMONT,50,WAKE,183,37183,3750183,12800,26200
PENNSYLVANIA,42,CENTRAL,50,COLUMBIA,37,42037,425037,12700,
VIRGINIA,51,NORTHERN,20,FAUQUIER,61,51061,512061,12700,1800
MISSISSIPPI,28,NORTHEAST,30,ITAWAMBA,57,28057,283057,12700,26000
PENNSYLVANIA,42,NORTH CENTRAL,20,LYCOMING,81,42081,422081,12700,
INDIANA,18,SOUTHEAST,90,DEARBORN,29,18029,189029,12400,6900
MISSISSIPPI,28,EAST CENTRAL,60,LOWNDES,87,28087,286087,12400,47000
TENNESSEE,47,CUMBERLAND PLATEAU,50,WARREN,177,47177,4750177,20500,13300
MISSOURI,29,CENTRAL,50,COLE,51,29051,295051,13400,3100
ALABAMA,1,MOUNTAINS & EASTERN VALLEY,20,DE KALB,49,1049,12049,12300,8500
MISSISSIPPI,28,CENTRAL,50,MADISON,89,28089,285089,12300,33000
PENNSYLVANIA,42,CENTRAL,50,CENTRE,27,42027,425027,12200,
MISSOURI,29,EAST,60,GASCONADE,73,29073,296073,15000,4200
KENTUCKY,21,NORTHERN,40,HENRY,103,21103,2140103,12200,900
WISCONSIN,55,SOUTHEAST,90,OZAUKEE,89,55089,559089,12200,1000
MISSOURI,29,NORTHWEST,10,CLAY,47,29047,291047,24300,14700
MISSOURI,29,CENTRAL,50,OSAGE,151,29151,2950151,14200,3700
KANSAS,20,SOUTHWEST,30,STEVENS,189,20189,2030189,12400,50
OKLAHOMA,40,NORTHEAST,70,OSAGE,113,40113,4070113,13400,16300
NORTH CAROLINA,37,NORTHERN MOUNTAIN,10,SURRY,171,37171,3710171,11900,1830
TENNESSEE,47,CUMBERLAND PLATEAU,50,FRANKLIN,51,47051,475051,24000,30400
TENNESSEE,47,CENTRAL BASIN,40,RUTHERFORD,149,47149,4740149,13000,6500
PENNSYLVANIA,42,WEST CENTRAL,40,BUTLER,19,42019,424019,11500,
PENNSYLVANIA,42,WEST CENTRAL,40,LAWRENCE,73,42073,424073,11500,
GEORGIA,13,EAST CENTRAL,60,OTHER (COMBINED) COUNTIES,,13000,1360,11400,70
LOUISIANA,22,SOUTH CENTRAL,80,SAINT MARTIN,99,22099,228099,11400,8000
WISCONSIN,55,CENTRAL,50,ADAMS,1,55001,55501,11200,2000
NORTH CAROLINA,37,CENTRAL PIEDMONT,50,DAVIDSON,57,37057,375057,11200,6170
MISSISSIPPI,28,SOUTHWEST,70,HINDS,49,28049,287049,11200,36200
MISSOURI,29,SOUTHWEST,70,LAWRENCE,109,29109,2970109,13900,7200
WISCONSIN,55,CENTRAL,50,MARQUETTE,77,55077,555077,11100,550
KENTUCKY,21,CENTRAL,30,ADAIR,1,21001,21301,11000,400
NORTH CAROLINA,37,NORTHERN PIEDMONT,40,GUILFORD,81,37081,374081,10900,6600
VIRGINIA,51,SOUTHEASTERN,90,BRUNSWICK,25,51025,519025,10800,10200
TENNESSEE,47,WEST TENNESSEE,20,CARROLL,17,47017,472017,36000,42600
GEORGIA,13,SOUTHWEST,70,OTHER (COMBINED) COUNTIES,,13000,1370,10800,70
NEW JERSEY,34,SOUTH,80,CUMBERLAND,11,34011,348011,10700,12000
VIRGINIA,51,SOUTHEASTERN,90,VIRGINIA BEACH CITY,810,51810,5190810,10700,16100
KENTUCKY,21,EASTERN OR MOUNTAIN,60,WAYNE,231,21231,2160231,10700,3600
PENNSYLVANIA,42,SOUTHWESTERN,70,WESTMORELAND,129,42129,4270129,10700,
KENTUCKY,21,BLUEGRASS,50,MASON,161,21161,2150161,10600,
MISSOURI,29,CENTRAL,50,BOONE,19,29019,295019,52200,38100
NEBRASKA,31,NORTH,20,LOGAN,113,31113,3120113,10400,
LOUISIANA,22,EAST CENTRAL,60,OTHER (COMBINED) COUNTIES,,22000,2260,10400,
VIRGINIA,51,NORTHERN,20,CULPEPER,47,51047,512047,10300,450
VIRGINIA,51,SOUTHERN,80,HALIFAX,83,51083,518083,10300,5700
PENNSYLVANIA,42,SOUTHWESTERN,70,SOMERSET,111,42111,4270111,10300,
VIRGINIA,51,CENTRAL,50,AMELIA,7,51007,51507,10200,9500
MICHIGAN,26,CENTRAL,50,GLADWIN,51,26051,265051,10200,640
PENNSYLVANIA,42,CENTRAL,50,UNION,119,42119,4250119,10200,
TEXAS,48,BLACKLANDS,40,FANNIN,147,48147,4840147,13200,10900
ALABAMA,1,NORTHERN VALLEY,10,MORGAN,103,1103,110103,10000,26500
ALABAMA,1,BLACK BELT,40,OTHER (COMBINED) COUNTIES,,1000,140,10000,500
KANSAS,20,SOUTHEAST,90,ELK,49,20049,209049,14100,2500
KENTUCKY,21,BLUEGRASS,50,BOURBON,17,21017,215017,9900,1700
PENNSYLVANIA,42,CENTRAL,50,PERRY,99,42099,425099,9900,
TENNESSEE,47,WEST TENNESSEE,20,BENTON,5,47005,47205,14400,9800
MICHIGAN,26,WEST CENTRAL,40,OTHER (COMBINED) COUNTIES,,26000,2640,9700,
OKLAHOMA,40,PANHANDLE,10,OTHER (COMBINED) COUNTIES,,40000,4010,10500,900
INDIANA,18,SOUTHEAST,90,SWITZERLAND,155,18155,1890155,9700,4700
KANSAS,20,CENTRAL,50,RUSSELL,167,20167,2050167,10000,180
WISCONSIN,55,NORTHWEST,10,BURNETT,13,55013,551013,9600,550
KENTUCKY,21,BLUEGRASS,50,SPENCER,215,21215,2150215,9600,1600
OHIO,39,EAST CENTRAL,60,CARROLL,19,39019,396019,9500,400
TENNESSEE,47,WEST TENNESSEE,20,DECATUR,39,47039,472039,11600,11600
VIRGINIA,51,SOUTHEASTERN,90,GREENSVILLE,81,51081,519081,9500,7600
VIRGINIA,51,SOUTHEASTERN,90,PRINCE GEORGE,149,51149,5190149,9500,7500
NEW JERSEY,34,NORTH,20,WARREN,41,34041,342041,9500,3000
OKLAHOMA,40,NORTHEAST,70,WASHINGTON,147,40147,4070147,10300,3200
NEW JERSEY,34,SOUTH,80,GLOUCESTER,15,34015,348015,9400,10500
KENTUCKY,21,CENTRAL,30,RUSSELL,207,21207,2130207,9300,1100
LOUISIANA,22,NORTHWEST,10,BOSSIER,15,22015,221015,9200,6700
NORTH CAROLINA,37,CENTRAL PIEDMONT,50,DAVIE,59,37059,375059,9200,2220
NORTH CAROLINA,37,CENTRAL PIEDMONT,50,RANDOLPH,151,37151,3750151,9200,6820
LOUISIANA,22,NORTHWEST,10,OTHER (COMBINED) COUNTIES,,22000,2210,9100,
INDIANA,18,CENTRAL,50,MARION,97,18097,185097,9000,17100
PENNSYLVANIA,42,CENTRAL,50,MONTOUR,93,42093,425093,9000,
NEW YORK,36,CENTRAL,50,ONONDAGA,67,36067,365067,9000,
NORTH DAKOTA,38,NORTHWEST,10,WILLIAMS,105,38105,3810105,9000,
MISSISSIPPI,28,EAST CENTRAL,60,CLAY,25,28025,286025,8900,41000
LOUISIANA,22,SOUTHWEST,70,JEFFERSON DAVIS,53,22053,227053,8900,150000
KANSAS,20,SOUTHEAST,90,BOURBON,11,20011,209011,38300,19600
LOUISIANA,22,NORTHWEST,10,CADDO,17,22017,221017,8800,7000
NORTH CAROLINA,37,CENTRAL PIEDMONT,50,CATAWBA,35,37035,375035,8800,8050
NORTH CAROLINA,37,NORTHERN PIEDMONT,40,WARREN,185,37185,3740185,8700,14000
ARKANSAS,5,CENTRAL,50,FAULKNER,45,5045,55045,8600,17000
PENNSYLVANIA,42,SOUTHEASTERN,90,BUCKS,17,42017,429017,8500,
KENTUCKY,21,CENTRAL,30,CASEY,45,21045,213045,8500,300
VIRGINIA,51,SOUTHERN,80,CHARLOTTE,37,51037,518037,8500,1500
WISCONSIN,55,NORTHEAST,30,MARINETTE,75,55075,553075,8500,
MICHIGAN,26,CENTRAL,50,MECOSTA,107,26107,2650107,8500,50
MISSOURI,29,SOUTHEAST,90,SCOTT,201,29201,2990201,107500,127000
MISSISSIPPI,28,CENTRAL,50,CARROLL,15,28015,285015,8400,31000
TEXAS,48,BLACKLANDS,40,KAUFMAN,257,48257,4840257,8400,
MISSISSIPPI,28,NORTH CENTRAL,20,OTHER (COMBINED) COUNTIES,,28000,2820,8400,
MISSOURI,29,SOUTHWEST,70,OTHER (COMBINED) COUNTIES,,29000,2970,8400,
PENNSYLVANIA,42,WEST CENTRAL,40,ARMSTRONG,5,42005,42405,8300,
VIRGINIA,51,EASTERN,60,CHARLES CITY,36,51036,516036,8300,8000
TENNESSEE,47,CENTRAL BASIN,40,OTHER (COMBINED) COUNTIES,,47000,4740,10300,
KANSAS,20,NORTHWEST,10,SHERMAN,181,20181,2010181,8300,
KENTUCKY,21,BLUEGRASS,50,WASHINGTON,229,21229,2150229,8300,1000
PENNSYLVANIA,42,SOUTH CENTRAL,80,BEDFORD,9,42009,42809,8200,
INDIANA,18,SOUTH CENTRAL,80,MONROE,105,18105,1880105,8200,5600
KANSAS,20,SOUTHEAST,90,CHAUTAUQUA,19,20019,209019,9100,1700
TENNESSEE,47,WESTERN RIM,30,HICKMAN,81,47081,473081,8100,3200
TEXAS,48,BLACKLANDS,40,HUNT,231,48231,4840231,8000,1900
MICHIGAN,26,WEST CENTRAL,40,NEWAYGO,123,26123,2640123,8000,420
WISCONSIN,55,NORTH CENTRAL,20,OTHER (COMBINED) COUNTIES,,55000,5520,8000,
ALABAMA,1,MOUNTAINS & EASTERN VALLEY,20,MARSHALL,95,1095,12095,7900,26500
MINNESOTA,27,EAST CENTRAL,60,AITKIN,1,27001,27601,7700,100
WISCONSIN,55,NORTHEAST,30,OTHER (COMBINED) COUNTIES,,55000,5530,7700,
ALABAMA,1,COASTAL PLAINS & GULF COAST,50,BALDWIN,3,1003,1503,7600,122000
ALABAMA,1,MOUNTAINS & EASTERN VALLEY,20,CHEROKEE,19,1019,12019,7600,16000
MISSOURI,29,SOUTHWEST,70,NEWTON,145,29145,2970145,10600,7500
OHIO,39,SOUTHEAST,90,WASHINGTON,167,39167,3990167,7600,1300
NORTH CAROLINA,37,SOUTHERN COASTAL,90,BRUNSWICK,19,37019,379019,7500,9400
KENTUCKY,21,NORTHERN,40,OTHER (COMBINED) COUNTIES,,21000,2140,7500,1100
OKLAHOMA,40,NORTH CENTRAL,40,OTHER (COMBINED) COUNTIES,,40000,4040,7500,900
VIRGINIA,51,NORTHERN,20,ROCKINGHAM,165,51165,5120165,7500,
WISCONSIN,55,NORTHWEST,10,WASHBURN,129,55129,5510129,7500,50
LOUISIANA,22,CENTRAL,50,WEST BATON ROUGE,121,22121,2250121,7500,6200
SOUTH CAROLINA,45,SOUTHERN,80,ALLENDALE,5,45005,45805,7400,44900
NEW YORK,36,NORTHERN,20,JEFFERSON,45,36045,362045,7400,
NEW YORK,36,CENTRAL,50,ONEIDA,65,36065,365065,7400,
PENNSYLVANIA,42,CENTRAL,50,JUNIATA,67,42067,425067,7300,
MISSISSIPPI,28,NORTH CENTRAL,20,LAFAYETTE,71,28071,282071,7300,13000
MISSISSIPPI,28,CENTRAL,50,RANKIN,121,28121,2850121,7300,16700
MICHIGAN,26,CENTRAL,50,CLARE,35,26035,265035,7200,30
TENNESSEE,47,CENTRAL BASIN,40,MARSHALL,117,47117,4740117,7200,2000
GEORGIA,13,SOUTH CENTRAL,80,OTHER (COMBINED) COUNTIES,,13000,1380,7200,70
VIRGINIA,51,SOUTHERN,80,OTHER (COMBINED) COUNTIES,,51000,5180,7200,200
TEXAS,48,UPPER COAST,90,BRAZORIA,39,48039,489039,7600,18000
NEW YORK,36,WESTERN,40,ERIE,29,36029,364029,7000,
NORTH CAROLINA,37,WESTERN MOUNTAIN,20,OTHER (COMBINED) COUNTIES,,37000,3720,7000,
ALABAMA,1,UPPER PLAINS & PIEDMONT,30,TALLADEGA,121,1121,130121,7000,18000
MISSOURI,29,NORTHWEST,10,WORTH,227,29227,2910227,27400,16800
VIRGINIA,51,EASTERN,60,GLOUCESTER,73,51073,516073,6900,7300
GEORGIA,13,NORTHWEST,10,OTHER (COMBINED) COUNTIES,,13000,1310,6900,70
OKLAHOMA,40,SOUTH CENTRAL,60,OTHER (COMBINED) COUNTIES,,40000,4060,7400,900
ALABAMA,1,BLACK BELT,40,PERRY,105,1105,140105,6900,42000
VIRGINIA,51,CENTRAL,50,ORANGE,137,51137,5150137,6800,450
LOUISIANA,22,SOUTHWEST,70,VERMILION,113,22113,2270113,6800,55000
TENNESSEE,47,CENTRAL BASIN,40,CANNON,15,47015,474015,10000,7200
KENTUCKY,21,BLUEGRASS,50,MERCER,167,21167,2150167,6700,400
ALABAMA,1,UPPER PLAINS & PIEDMONT,30,OTHER (COMBINED) COUNTIES,,1000,130,6700,500
KENTUCKY,21,BLUEGRASS,50,CLARK,49,21049,215049,6600,400
TENNESSEE,47,CENTRAL BASIN,40,DE KALB,41,47041,474041,8300,3900
TENNESSEE,47,DELTA,10,LAUDERDALE,97,47097,471097,98000,120500
VIRGINIA,51,NORTHERN,20,MADISON,113,51113,5120113,6600,200
GEORGIA,13,SOUTHEAST,90,OTHER (COMBINED) COUNTIES,,13000,1390,6600,70
KANSAS,20,NORTHWEST,10,CHEYENNE,23,20023,201023,6500,
VIRGINIA,51,NORTHERN,20,LOUDOUN,107,51107,5120107,6500,1700
TENNESSEE,47,EAST TENNESSEE,60,MCMINN,107,47107,4760107,7500,3400
KENTUCKY,21,CENTRAL,30,METCALFE,169,21169,2130169,6500,300
LOUISIANA,22,NORTH CENTRAL,20,OTHER (COMBINED) COUNTIES,,22000,2220,6500,
OHIO,39,SOUTH CENTRAL,80,OTHER (COMBINED) COUNTIES,,39000,3980,6500,
VIRGINIA,51,NORTHERN,20,OTHER (COMBINED) COUNTIES,,51000,5120,6400,200
ALABAMA,1,BLACK BELT,40,DALLAS,47,1047,14047,6300,34000
MICHIGAN,26,WEST CENTRAL,40,MASON,105,26105,2640105,6300,50
NEW YORK,36,CENTRAL,50,OTHER (COMBINED) COUNTIES,,36000,3650,6300,
GEORGIA,13,SOUTH CENTRAL,80,DOOLY,93,13093,138093,6200,18560
TENNESSEE,47,WESTERN RIM,30,WAYNE,181,47181,4730181,6200,6300
TEXAS,48,BLACKLANDS,40,ELLIS,139,48139,4840139,6100,
KANSAS,20,NORTHWEST,10,GRAHAM,65,20065,201065,6100,50
NEW JERSEY,34,NORTH,20,HUNTERDON,19,34019,342019,6100,6000
NORTH CAROLINA,37,SOUTHERN PIEDMONT,60,LINCOLN,109,37109,3760109,6100,11750
GEORGIA,13,SOUTH CENTRAL,80,BROOKS,27,13027,138027,6000,23110
VIRGINIA,51,CENTRAL,50,CAMPBELL,31,51031,515031,6000,2400
PENNSYLVANIA,42,CENTRAL,50,MIFFLIN,87,42087,425087,6000,
LOUISIANA,22,SOUTH CENTRAL,80,ASSUMPTION,7,22007,22807,5900,300
PENNSYLVANIA,42,SOUTHWESTERN,70,FAYETTE,51,42051,427051,5900,
NORTH CAROLINA,37,NORTHERN PIEDMONT,40,VANCE,181,37181,3740181,5900,10600
ARKANSAS,5,WEST CENTRAL,40,YELL,149,5149,540149,5900,17600
KENTUCKY,21,BLUEGRASS,50,FAYETTE,67,21067,215067,5800,2300
LOUISIANA,22,SOUTH CENTRAL,80,IBERIA,45,22045,228045,5800,2000
KENTUCKY,21,NORTHERN,40,TRIMBLE,223,21223,2140223,5800,3300
OHIO,39,SOUTH CENTRAL,80,JACKSON,79,39079,398079,5700,900
ARKANSAS,5,SOUTH CENTRAL,80,OTHER (COMBINED) COUNTIES,,5000,580,5700,100
OHIO,39,NORTHEAST,30,OTHER (COMBINED) COUNTIES,,39000,3930,5700,
TEXAS,48,SOUTH CENTRAL,81,OTHER (COMBINED) COUNTIES,,48000,4881,5700,900
ALABAMA,1,MOUNTAINS & EASTERN VALLEY,20,CULLMAN,43,1043,12043,5600,26700
VIRGINIA,51,CENTRAL,50,LOUISA,109,51109,5150109,5600,1000
TENNESSEE,47,CENTRAL BASIN,40,MACON,111,47111,4740111,5600,1100
ALABAMA,1,WIREGRASS,60,OTHER (COMBINED) COUNTIES,,1000,160,5600,500
TENNESSEE,47,CENTRAL BASIN,40,WILLIAMSON,187,47187,4740187,6900,8800
PENNSYLVANIA,42,WEST CENTRAL,40,CLARION,31,42031,424031,5500,
NORTH DAKOTA,38,SOUTHWEST,70,HETTINGER,41,38041,387041,5400,
NEW JERSEY,34,CENTRAL,50,MONMOUTH,25,34025,345025,5400,21900
KENTUCKY,21,NORTHERN,40,OLDHAM,185,21185,2140185,5300,2400
OHIO,39,SOUTHEAST,90,OTHER (COMBINED) COUNTIES,,39000,3990,5300,
VIRGINIA,51,SOUTHERN,80,PITTSYLVANIA,143,51143,5180143,5300,13000
VIRGINIA,51,NORTHERN,20,SHENANDOAH,171,51171,5120171,5300,250
PENNSYLVANIA,42,NORTH CENTRAL,20,BRADFORD,15,42015,422015,5200,
TEXAS,48,UPPER COAST,90,FORT BEND,157,48157,4890157,5200,6400
VIRGINIA,51,SOUTHERN,80,LUNENBURG,111,51111,5180111,5200,3500
NORTH DAKOTA,38,SOUTHWEST,70,OTHER (COMBINED) COUNTIES,,38000,3870,5200,
NORTH CAROLINA,37,NORTHERN PIEDMONT,40,ROCKINGHAM,157,37157,3740157,5200,5150
OKLAHOMA,40,WEST CENTRAL,20,WASHITA,149,40149,4020149,5200,
SOUTH CAROLINA,45,SOUTHERN,80,DORCHESTER,35,45035,458035,5100,15600
OKLAHOMA,40,SOUTH CENTRAL,60,GARVIN,49,40049,406049,6900,7500
VIRGINIA,51,EASTERN,60,KING GEORGE,99,51099,516099,5000,5000
OKLAHOMA,40,NORTHEAST,70,OTTAWA,115,40115,4070115,23500,12500
NORTH CAROLINA,37,SOUTHERN PIEDMONT,60,MOORE,125,37125,3760125,4900,3000
MICHIGAN,26,WEST CENTRAL,40,OCEANA,127,26127,2640127,4900,20
NORTH CAROLINA,37,NORTHERN PIEDMONT,40,ALAMANCE,1,37001,37401,4800,7150
PENNSYLVANIA,42,WEST CENTRAL,40,JEFFERSON,65,42065,424065,4800,
NORTH CAROLINA,37,NORTHERN PIEDMONT,40,OTHER (COMBINED) COUNTIES,,37000,3740,4800,
KENTUCKY,21,CENTRAL,30,BULLITT,29,21029,213029,4700,3000
TENNESSEE,47,EAST TENNESSEE,60,MONROE,123,47123,4760123,7600,4500
MISSOURI,29,CENTRAL,50,MORGAN,141,29141,2950141,11200,5600
LOUISIANA,22,SOUTH CENTRAL,80,SAINT MARY,101,22101,2280101,4700,700
GEORGIA,13,SOUTHWEST,70,RANDOLPH,243,13243,1370243,4600,3040
KENTUCKY,21,BLUEGRASS,50,BOYLE,21,21021,215021,4500,600
NORTH CAROLINA,37,NORTHERN PIEDMONT,40,GRANVILLE,77,37077,374077,4500,7900
OHIO,39,SOUTHWEST,70,HAMILTON,61,39061,397061,4500,3900
NEW JERSEY,34,CENTRAL,50,MERCER,21,34021,345021,4500,20100
ALABAMA,1,COASTAL PLAINS & GULF COAST,50,OTHER (COMBINED) COUNTIES,,1000,150,4500,500
OKLAHOMA,40,CENTRAL,50,POTTAWATOMIE,125,40125,4050125,4900,2100
MICHIGAN,26,SOUTHEAST,90,WAYNE,163,26163,2690163,4500,9900
NORTH DAKOTA,38,SOUTHWEST,70,ADAMS,1,38001,38701,4400,
OKLAHOMA,40,WEST CENTRAL,20,CUSTER,39,40039,402039,4400,
MISSOURI,29,SOUTHWEST,70,GREENE,77,29077,297077,4700,700
GEORGIA,13,WEST CENTRAL,40,MACON,193,13193,1340193,4400,30010
NEW YORK,36,SOUTHWEST,70,STEUBEN,101,36101,3670101,4400,
NEW YORK,36,SOUTHERN,80,TOMPKINS,109,36109,3680109,4400,
PENNSYLVANIA,42,NORTH CENTRAL,20,CLINTON,35,42035,422035,4300,
ALABAMA,1,NORTHERN VALLEY,10,FRANKLIN,59,1059,11059,4300,14000
ALABAMA,1,NORTHERN VALLEY,10,OTHER (COMBINED) COUNTIES,,1000,110,4300,500
MINNESOTA,27,EAST CENTRAL,60,CROW WING,35,27035,276035,4200,500
VIRGINIA,51,CENTRAL,50,GOOCHLAND,75,51075,515075,4200,2000
ARKANSAS,5,CENTRAL,50,OTHER (COMBINED) COUNTIES,,5000,550,4200,100
MINNESOTA,27,EAST CENTRAL,60,ANOKA,3,27003,27603,4100,2800
NEW YORK,36,SOUTHWEST,70,CATTARAUGUS,9,36009,36709,4100,
PENNSYLVANIA,42,CENTRAL,50,HUNTINGDON,61,42061,425061,4100,
MISSOURI,29,CENTRAL,50,MILLER,131,29131,2950131,5400,300
OKLAHOMA,40,EAST CENTRAL,80,OTHER (COMBINED) COUNTIES,,40000,4080,4100,900
PENNSYLVANIA,42,SOUTHEASTERN,90,OTHER (COMBINED) COUNTIES,,42000,4290,4100,
MISSISSIPPI,28,CENTRAL,50,SCOTT,123,28123,2850123,4100,6000
NEW YORK,36,WESTERN,40,YATES,123,36123,3640123,4100,
OHIO,39,SOUTHEAST,90,GUERNSEY,59,39059,399059,4000,400
NEBRASKA,31,NORTH,20,KEYA PAHA,103,31103,3120103,4000,400
INDIANA,18,SOUTHEAST,90,OHIO,115,18115,1890115,4000,1200
GEORGIA,13,SOUTHEAST,90,TOOMBS,279,13279,1390279,4000,5160
SOUTH CAROLINA,45,EASTERN,30,GEORGETOWN,43,45043,453043,3900,3200
TENNESSEE,47,EAST TENNESSEE,60,GREENE,59,47059,476059,3900,800
NORTH CAROLINA,37,NORTHERN PIEDMONT,40,ORANGE,135,37135,3740135,3900,3050
NEW JERSEY,34,NORTH,20,OTHER (COMBINED) COUNTIES,,34000,3420,3900,
OKLAHOMA,40,CENTRAL,50,PAYNE,119,40119,4050119,3900,600
PENNSYLVANIA,42,CENTRAL,50,BLAIR,13,42013,425013,3800,
LOUISIANA,22,SOUTH CENTRAL,80,LAFAYETTE,55,22055,228055,3800,23000
NEW YORK,36,SOUTHEAST,90,OTHER (COMBINED) COUNTIES,,36000,3690,3800,
MISSOURI,29,EAST,60,ST FRANCOIS,187,29187,2960187,3900,300
GEORGIA,13,EAST CENTRAL,60,BULLOCH,31,13031,136031,3700,38420
MISSISSIPPI,28,SOUTHWEST,70,CLAIBORNE,21,28021,287021,3700,19300
TENNESSEE,47,WEST TENNESSEE,20,CROCKETT,33,47033,472033,51000,58300
INDIANA,18,SOUTH CENTRAL,80,FLOYD,43,18043,188043,3700,4100
SOUTH CAROLINA,45,SOUTHERN,80,BAMBERG,9,45009,45809,3600,36100
NEW YORK,36,CENTRAL,50,MADISON,53,36053,365053,3600,
MICHIGAN,26,NORTHEAST,30,OGEMAW,129,26129,2630129,3600,80
KENTUCKY,21,BLUEGRASS,50,SCOTT,209,21209,2150209,3600,
VIRGINIA,51,CENTRAL,50,SPOTSYLVANIA,177,51177,5150177,3600,3000
PENNSYLVANIA,42,NORTHWESTERN,10,VENANGO,121,42121,4210121,3600,
NORTH CAROLINA,37,SOUTHERN PIEDMONT,60,GASTON,71,37071,376071,3500,5550
MICHIGAN,26,SOUTHEAST,90,OAKLAND,125,26125,2690125,3500,130
MISSOURI,29,CENTRAL,50,POLK,167,29167,2950167,4700,500
OHIO,39,SOUTHEAST,90,ATHENS,9,39009,39909,3400,100
NEW YORK,36,SOUTHWEST,70,CHAUTAUQUA,13,36013,367013,3400,
NEW YORK,36,SOUTHEAST,90,COLUMBIA,21,36021,369021,3400,
NEW JERSEY,34,CENTRAL,50,OTHER (COMBINED) COUNTIES,,34000,3450,3400,
KENTUCKY,21,BLUEGRASS,50,WOODFORD,239,21239,2150239,3400,
LOUISIANA,22,SOUTHWEST,70,CALCASIEU,19,22019,227019,3300,63000
OHIO,39,EAST CENTRAL,60,HARRISON,67,39067,396067,3300,100
OHIO,39,SOUTHEAST,90,HOCKING,73,39073,399073,3300,1000
VIRGINIA,51,SOUTHERN,80,NOTTOWAY,135,51135,5180135,3300,3800
GEORGIA,13,WEST CENTRAL,40,OTHER (COMBINED) COUNTIES,,13000,1340,3300,70
NEW YORK,36,WESTERN,40,WYOMING,121,36121,3640121,3300,
SOUTH CAROLINA,45,WEST CENTRAL,40,AIKEN,3,45003,45403,3200,34500
GEORGIA,13,EAST CENTRAL,60,EMANUEL,107,13107,1360107,3200,15800
OHIO,39,SOUTHEAST,90,MORGAN,115,39115,3990115,3200,400
SOUTH CAROLINA,45,WEST CENTRAL,40,NEWBERRY,71,45071,454071,3200,12700
NEW YORK,36,NORTHERN,20,ST LAWRENCE,89,36089,362089,3200,
ALABAMA,1,UPPER PLAINS & PIEDMONT,30,TUSCALOOSA,125,1125,130125,3200,8500
SOUTH CAROLINA,45,SOUTHERN,80,BARNWELL,11,45011,458011,3100,36200
PENNSYLVANIA,42,WEST CENTRAL,40,BEAVER,7,42007,42407,3100,
NORTH CAROLINA,37,NORTHERN PIEDMONT,40,CASWELL,33,37033,374033,3100,2500
ALABAMA,1,MOUNTAINS & EASTERN VALLEY,20,OTHER (COMBINED) COUNTIES,,1000,120,3100,500
MARYLAND,24,WESTERN,10,OTHER (COMBINED) COUNTIES,,24000,2410,3100,
MISSISSIPPI,28,EAST CENTRAL,60,OTHER (COMBINED) COUNTIES,,28000,2860,3100,
KANSAS,20,SOUTHWEST,30,HODGEMAN,83,20083,203083,3100,100
PENNSYLVANIA,42,EAST CENTRAL,60,LUZERNE,79,42079,426079,3000,
NEW YORK,36,SOUTHERN,80,OTHER (COMBINED) COUNTIES,,36000,3680,3000,
KENTUCKY,21,EASTERN OR MOUNTAIN,60,ROWAN,205,21205,2160205,3000,
WISCONSIN,55,NORTHWEST,10,SAWYER,113,55113,5510113,3000,50
ALABAMA,1,MOUNTAINS & EASTERN VALLEY,20,BLOUNT,9,1009,1209,2900,11500
NORTH CAROLINA,37,CENTRAL PIEDMONT,50,CHATHAM,37,37037,375037,2900,2230
SOUTH CAROLINA,45,SOUTHERN,80,HAMPTON,49,45049,458049,2900,47500
MISSISSIPPI,28,CENTRAL,50,MONTGOMERY,97,28097,285097,2900,11600
MISSISSIPPI,28,CENTRAL,50,WEBSTER,155,28155,2850155,2900,23000
LOUISIANA,22,SOUTHWEST,70,BEAUREGARD,11,22011,227011,2800,37000
VIRGINIA,51,CENTRAL,50,CUMBERLAND,49,51049,515049,2800,400
MICHIGAN,26,NORTHEAST,30,MONTMORENCY,119,26119,2630119,2800,
KENTUCKY,21,NORTHERN,40,PENDLETON,191,21191,2140191,2800,800
MISSISSIPPI,28,CENTRAL,50,ATTALA,7,28007,28507,2700,12200
GEORGIA,13,NORTHWEST,10,BARTOW,15,13015,131015,2700,10750
KENTUCKY,21,NORTHERN,40,BOONE,15,21015,214015,2700,1100
SOUTH CAROLINA,45,CENTRAL,50,CALHOUN,17,45017,455017,2700,34600
ALABAMA,1,MOUNTAINS & EASTERN VALLEY,20,ETOWAH,55,1055,12055,2700,10800
ALABAMA,1,WIREGRASS,60,GENEVA,61,1061,16061,2700,29600
GEORGIA,13,SOUTHWEST,70,GRADY,131,13131,1370131,2700,6460
TENNESSEE,47,EAST TENNESSEE,60,JEFFERSON,89,47089,476089,2700,1300
OKLAHOMA,40,CENTRAL,50,LOGAN,83,40083,405083,2700,
TENNESSEE,47,WEST TENNESSEE,20,MADISON,113,47113,4720113,44500,62900
NORTH DAKOTA,38,WEST CENTRAL,40,MCKENZIE,53,38053,384053,2700,
MARYLAND,24,SOUTHERN,80,PRINCE GEORGES,33,24033,248033,2700,2800
TENNESSEE,47,CUMBERLAND PLATEAU,50,PUTNAM,141,47141,4750141,2700,1100
SOUTH CAROLINA,45,CENTRAL,50,RICHLAND,79,45079,455079,2700,25700
NORTH CAROLINA,37,NORTHERN PIEDMONT,40,STOKES,169,37169,3740169,2700,1000
INDIANA,18,SOUTH CENTRAL,80,BROWN,13,18013,188013,2600,600
GEORGIA,13,EAST CENTRAL,60,BURKE,33,13033,136033,2600,83990
PENNSYLVANIA,42,SOUTH CENTRAL,80,FULTON,57,42057,428057,2600,
ALABAMA,1,BLACK BELT,40,MARENGO,91,1091,14091,2600,25000
GEORGIA,13,WEST CENTRAL,40,TAYLOR,269,13269,1340269,2600,8810
PENNSYLVANIA,42,SOUTHWESTERN,70,WASHINGTON,125,42125,4270125,2600,
TENNESSEE,47,EAST TENNESSEE,60,BRADLEY,11,47011,476011,2500,700
KENTUCKY,21,BLUEGRASS,50,JESSAMINE,113,21113,2150113,2500,500
SOUTH CAROLINA,45,CENTRAL,50,LEXINGTON,63,45063,455063,2500,24600
NEW YORK,36,CENTRAL,50,OTSEGO,77,36077,365077,2500,
SOUTH CAROLINA,45,SOUTHERN,80,COLLETON,29,45029,458029,2400,27600
GEORGIA,13,NORTHWEST,10,FLOYD,115,13115,1310115,2400,7800
GEORGIA,13,NORTHEAST,30,HART,147,13147,1330147,2400,8170
GEORGIA,13,SOUTHWEST,70,MITCHELL,205,13205,1370205,2400,6530
MISSISSIPPI,28,CENTRAL,50,OTHER (COMBINED) COUNTIES,,28000,2850,2400,
GEORGIA,13,SOUTHWEST,70,SEMINOLE,253,13253,1370253,2400,4770
TENNESSEE,47,CUMBERLAND PLATEAU,50,WHITE,185,47185,4750185,3900,4800
NORTH CAROLINA,37,CENTRAL PIEDMONT,50,ALEXANDER,3,37003,37503,2300,1230
KENTUCKY,21,NORTHERN,40,GALLATIN,77,21077,214077,2300,1000
OKLAHOMA,40,CENTRAL,50,GRADY,51,40051,405051,3500,700
GEORGIA,13,NORTHEAST,30,OTHER (COMBINED) COUNTIES,,13000,1330,2300,70
ALABAMA,1,UPPER PLAINS & PIEDMONT,30,FAYETTE,57,1057,13057,2200,6700
TEXAS,48,BLACKLANDS,40,GRAYSON,181,48181,4840181,2200,1400
NEW YORK,36,EASTERN,60,MONTGOMERY,57,36057,366057,2200,
ARKANSAS,5,NORTHWEST,10,OTHER (COMBINED) COUNTIES,,5000,510,2200,100
TENNESSEE,47,CENTRAL BASIN,40,WILSON,189,47189,4740189,3400,1300
LOUISIANA,22,SOUTHWEST,70,OTHER (COMBINED) COUNTIES,,22000,2270,2100,
ARKANSAS,5,WEST CENTRAL,40,FRANKLIN,47,5047,54047,2000,3700
NEW YORK,36,CENTRAL,50,HERKIMER,43,36043,365043,2000,
GEORGIA,13,CENTRAL,50,HOUSTON,153,13153,1350153,2000,26830
WISCONSIN,55,SOUTHEAST,90,MILWAUKEE,79,55079,559079,2000,3700
PENNSYLVANIA,42,NORTH CENTRAL,20,TIOGA,117,42117,4220117,2000,
GEORGIA,13,NORTHWEST,10,WALKER,295,13295,1310295,2000,3140
GEORGIA,13,NORTHEAST,30,ELBERT,105,13105,1330105,1900,7110
MISSOURI,29,CENTRAL,50,LACLEDE,105,29105,2950105,2000,300
TEXAS,48,UPPER COAST,90,LIBERTY,291,48291,4890291,6600,38900
NEW YORK,36,SOUTHEAST,90,ORANGE,71,36071,369071,1900,
MISSOURI,29,EAST,60,OTHER (COMBINED) COUNTIES,,29000,2960,1900,
OHIO,39,NORTHEAST,30,SUMMIT,153,39153,3930153,1900,500
GEORGIA,13,NORTHWEST,10,CHATTOOGA,55,13055,131055,1800,4270
MISSOURI,29,CENTRAL,50,HICKORY,85,29085,295085,3900,750
GEORGIA,13,SOUTHWEST,70,THOMAS,275,13275,1370275,1800,19500
VIRGINIA,51,CENTRAL,50,CHESTERFIELD,41,51041,515041,1700,3100
GEORGIA,13,SOUTH CENTRAL,80,COLQUITT,71,13071,138071,1700,6000
MISSOURI,29,EAST,60,JEFFERSON,99,29099,296099,4800,4400
GEORGIA,13,SOUTH CENTRAL,80,LOWNDES,185,13185,1380185,1700,5040
GEORGIA,13,WEST CENTRAL,40,MARION,197,13197,1340197,1700,1080
GEORGIA,13,NORTH CENTRAL,20,OTHER (COMBINED) COUNTIES,,13000,1320,1700,70
NEW YORK,36,EASTERN,60,OTHER (COMBINED) COUNTIES,,36000,3660,1700,
OHIO,39,EAST CENTRAL,60,OTHER (COMBINED) COUNTIES,,39000,3960,1700,
SOUTH CAROLINA,45,WEST CENTRAL,40,OTHER (COMBINED) COUNTIES,,45000,4540,1700,
WISCONSIN,55,NORTHWEST,10,OTHER (COMBINED) COUNTIES,,55000,5510,1700,
TENNESSEE,47,CUMBERLAND PLATEAU,50,OVERTON,133,47133,4750133,1700,800
NEW YORK,36,EASTERN,60,RENSSELAER,83,36083,366083,1700,
KENTUCKY,21,EASTERN OR MOUNTAIN,60,ESTILL,65,21065,216065,1600,
PENNSYLVANIA,42,NORTHEASTERN,30,OTHER (COMBINED) COUNTIES,,42000,4230,1600,
NORTH CAROLINA,37,NORTHERN MOUNTAIN,10,WILKES,193,37193,3710193,1600,650
SOUTH CAROLINA,45,SOUTHERN,80,BERKELEY,15,45015,458015,1500,8100
ALABAMA,1,WIREGRASS,60,HOUSTON,69,1069,16069,1500,12800
GEORGIA,13,CENTRAL,50,MONTGOMERY,209,13209,1350209,1500,3420
NORTH CAROLINA,37,NORTHERN MOUNTAIN,10,OTHER (COMBINED) COUNTIES,,37000,3710,1500,
GEORGIA,13,EAST CENTRAL,60,SCREVEN,251,13251,1360251,1500,46820
ALABAMA,1,BLACK BELT,40,SUMTER,119,1119,140119,1500,18000
MISSOURI,29,SOUTH CENTRAL,80,WEBSTER,225,29225,2980225,1500,100
GEORGIA,13,SOUTHEAST,90,APPLING,1,13001,13901,1400,1930
PENNSYLVANIA,42,EAST CENTRAL,60,CARBON,25,42025,426025,1400,
NEW YORK,36,CENTRAL,50,CORTLAND,23,36023,365023,1400,
VIRGINIA,51,NORTHERN,20,FREDERICK,69,51069,512069,1400,
TENNESSEE,47,WEST TENNESSEE,20,HAYWOOD,75,47075,472075,89000,101900
ALABAMA,1,UPPER PLAINS & PIEDMONT,30,LAMAR,75,1075,13075,1400,13100
GEORGIA,13,SOUTHWEST,70,TERRELL,273,13273,1370273,1400,7330
KENTUCKY,21,BLUEGRASS,50,GARRARD,79,21079,215079,1300,
MISSOURI,29,SOUTHWEST,70,MCDONALD,119,29119,2970119,1600,100
MICHIGAN,26,CENTRAL,50,OSCEOLA,133,26133,2650133,1300,30
PENNSYLVANIA,42,NORTHWESTERN,10,OTHER (COMBINED) COUNTIES,,42000,4210,1300,
NEW YORK,36,SOUTHERN,80,CHEMUNG,15,36015,368015,1200,
MISSOURI,29,SOUTHEAST,90,NEW MADRID,143,29143,2990143,210000,255000
KENTUCKY,21,BLUEGRASS,50,NICHOLAS,181,21181,2150181,1200,400
OKLAHOMA,40,WEST CENTRAL,20,OTHER (COMBINED) COUNTIES,,40000,4020,2600,900
VIRGINIA,51,CENTRAL,50,PRINCE EDWARD,147,51147,5150147,1200,1100
TENNESSEE,47,EAST TENNESSEE,60,BLOUNT,9,47009,47609,3900,3400
SOUTH CAROLINA,45,WEST CENTRAL,40,EDGEFIELD,37,45037,454037,1100,20100
ALABAMA,1,COASTAL PLAINS & GULF COAST,50,ESCAMBIA,53,1053,15053,1100,36500
NEW YORK,36,NORTHERN,20,LEWIS,49,36049,362049,1100,
KENTUCKY,21,BLUEGRASS,50,MADISON,151,21151,2150151,1100,400
OKLAHOMA,40,NORTHEAST,70,NOWATA,105,40105,4070105,5700,4000
ARKANSAS,5,NORTH CENTRAL,20,OTHER (COMBINED) COUNTIES,,5000,520,1100,100
PENNSYLVANIA,42,NORTH CENTRAL,20,OTHER (COMBINED) COUNTIES,,42000,4220,1100,
PENNSYLVANIA,42,SOUTHWESTERN,70,OTHER (COMBINED) COUNTIES,,42000,4270,1000,
NEW YORK,36,SOUTHWEST,70,ALLEGANY,3,36003,36703,900,
KENTUCKY,21,NORTHERN,40,BRACKEN,23,21023,214023,900,
TEXAS,48,BLACKLANDS,40,DENTON,121,48121,4840121,900,
ALABAMA,1,BLACK BELT,40,ELMORE,51,1051,14051,900,8500
TENNESSEE,47,EAST TENNESSEE,60,KNOX,93,47093,476093,900,900
TENNESSEE,47,CENTRAL BASIN,40,CLAY,27,47027,474027,800,1900
GEORGIA,13,SOUTH CENTRAL,80,COFFEE,69,13069,138069,800,2100
TENNESSEE,47,CUMBERLAND PLATEAU,50,FENTRESS,49,47049,475049,800,200
GEORGIA,13,WEST CENTRAL,40,HENRY,151,13151,1340151,800,3950
GEORGIA,13,EAST CENTRAL,60,JENKINS,165,13165,1360165,800,18320
TENNESSEE,47,CUMBERLAND PLATEAU,50,MARION,115,47115,4750115,4600,8000
SOUTH CAROLINA,45,SOUTHERN,80,OTHER (COMBINED) COUNTIES,,45000,4580,800,
MICHIGAN,26,NORTHEAST,30,OTSEGO,137,26137,2630137,800,
VIRGINIA,51,CENTRAL,50,BEDFORD,19,51019,515019,700,600
TENNESSEE,47,CUMBERLAND PLATEAU,50,BLEDSOE,7,47007,47507,1800,2600
TENNESSEE,47,CUMBERLAND PLATEAU,50,GRUNDY,61,47061,475061,3000,2300
ALABAMA,1,BLACK BELT,40,MACON,87,1087,14087,700,16500
VIRGINIA,51,NORTHERN,20,PAGE,139,51139,5120139,700,
GEORGIA,13,NORTHEAST,30,FRANKLIN,119,13119,1330119,600,4550
NEW JERSEY,34,SOUTH,80,OTHER (COMBINED) COUNTIES,,34000,3480,600,
NEW YORK,36,EASTERN,60,SCHOHARIE,95,36095,366095,600,
TENNESSEE,47,EAST TENNESSEE,60,HAWKINS,73,47073,476073,500,100
OKLAHOMA,40,NORTHEAST,70,MAYES,97,40097,407097,6800,10000
PENNSYLVANIA,42,NORTH CENTRAL,20,POTTER,105,42105,4220105,500,
NEW YORK,36,EASTERN,60,WASHINGTON,115,36115,3660115,500,
TENNESSEE,47,CUMBERLAND PLATEAU,50,OTHER (COMBINED) COUNTIES,,47000,4750,1500,
MISSOURI,29,CENTRAL,50,DALLAS,59,29059,295059,600,300
OKLAHOMA,40,NORTHEAST,70,DELAWARE,41,40041,407041,3200,2300
MISSOURI,29,EAST,60,ST LOUIS,189,29189,2960189,9300,14100
MISSOURI,29,SOUTH CENTRAL,80,WAYNE,223,29223,2980223,3700,4000
TENNESSEE,47,WEST TENNESSEE,20,MCNAIRY,109,47109,4720109,23500,44900
OKLAHOMA,40,EAST CENTRAL,80,OKMULGEE,111,40111,4080111,3500,4600
TENNESSEE,47,WEST TENNESSEE,20,HARDEMAN,69,47069,472069,32000,63700
TENNESSEE,47,WEST TENNESSEE,20,CHESTER,23,47023,472023,16500,37400
OKLAHOMA,40,SOUTHEAST,90,CHOCTAW,23,40023,409023,2500,2700
TENNESSEE,47,DELTA,10,TIPTON,167,47167,4710167,84000,103700
OKLAHOMA,40,EAST CENTRAL,80,MUSKOGEE,101,40101,4080101,15300,30000
OKLAHOMA,40,EAST CENTRAL,80,SEQUOYAH,135,40135,4080135,10400,13700
TENNESSEE,47,DELTA,10,LAKE,95,47095,471095,52000,80700
MISSOURI,29,SOUTHEAST,90,STODDARD,207,29207,2990207,190000,204000
TENNESSEE,47,WEST TENNESSEE,20,FAYETTE,47,47047,472047,58000,83200
OKLAHOMA,40,NORTHEAST,70,CRAIG,35,40035,407035,13000,27500
MISSOURI,29,SOUTHEAST,90,BUTLER,23,29023,299023,114500,112000
MISSOURI,29,SOUTHEAST,90,DUNKLIN,69,29069,299069,119500,167000
